bootstrap,max_depth,max_features,max_samples,min_samples_leaf,min_samples_split,n_estimators,val_RMSE
True,,0.9,0.6,1,15,200,11.326581162089814
True,24.0,0.9,0.6,1,15,200,11.330550322736032
True,,0.9,0.6,1,15,300,11.344811437552568
True,24.0,0.9,0.6,1,15,300,11.345261475063767
True,24.0,0.9,0.6,2,15,200,11.347785403830654
True,,0.9,0.6,2,15,200,11.352489079966565
True,24.0,0.9,0.6,1,2,200,11.362904662301911
True,24.0,0.9,0.6,1,2,300,11.363964755337866
True,24.0,0.9,0.6,2,15,300,11.365363544817498
True,24.0,0.7,0.6,1,2,200,11.36628103735544
True,,0.9,0.6,2,15,300,11.36671071941569
True,,0.7,0.6,2,15,200,11.380431609208346
True,24.0,0.7,0.6,2,15,200,11.381311154623798
True,,0.7,0.6,2,2,300,11.383854600517303
True,24.0,0.9,0.6,2,2,200,11.38729047993625
True,,0.7,0.6,2,2,200,11.394468575407307
True,24.0,0.7,0.6,2,15,300,11.395207940905959
True,,0.7,1.0,2,2,300,11.395259083874196
True,,0.7,0.6,2,15,300,11.397740642160517
True,24.0,0.7,0.6,1,15,200,11.398166336440392
True,,0.9,0.6,1,2,300,11.399332708029076
True,,0.9,0.6,2,2,200,11.399763721714812
True,24.0,0.7,0.6,1,2,300,11.400269388514294
True,,0.9,0.6,2,2,300,11.400551971180004
True,24.0,0.7,0.6,2,2,300,11.40259361393474
True,24.0,0.9,0.6,2,2,300,11.40319686354383
True,,0.7,0.6,1,15,200,11.411761291227963
True,,0.7,1.0,2,15,200,11.413303448993274
True,,0.7,1.0,2,2,200,11.41609260817331
True,,0.7,0.6,1,2,300,11.416130842480335
True,24.0,0.7,0.6,1,15,300,11.416168126651266
True,24.0,0.7,0.6,2,2,200,11.41626641207638
True,,0.9,0.6,1,2,200,11.417065143843677
True,,0.7,0.6,1,15,300,11.420525537886505
True,,0.7,0.6,1,2,200,11.423417772589431
True,24.0,0.7,1.0,2,15,200,11.426958663485777
True,24.0,0.7,1.0,2,15,300,11.434681368039668
True,,0.7,1.0,2,15,300,11.435748317819774
True,24.0,0.7,1.0,2,2,300,11.441989763269085
True,,0.9,1.0,2,15,300,11.458329577853599
True,,0.9,1.0,2,15,200,11.462946491660288
True,24.0,0.9,1.0,1,15,300,11.464895553226162
True,24.0,0.7,1.0,1,2,200,11.468081286253023
True,,0.9,1.0,1,15,300,11.469081725139018
True,24.0,0.9,1.0,2,15,300,11.471025641592156
True,24.0,0.9,1.0,2,15,200,11.471084587292344
True,24.0,0.9,1.0,2,2,300,11.473556367045445
True,24.0,0.9,1.0,1,2,200,11.480434217776804
True,24.0,0.9,1.0,1,15,200,11.481681912616962
True,24.0,0.7,1.0,2,2,200,11.481716845663437
True,24.0,0.7,1.0,1,2,300,11.484059609396148
True,24.0,0.9,1.0,2,2,200,11.48471281100751
True,,0.9,1.0,1,15,200,11.492159305371029
True,24.0,0.9,1.0,1,2,300,11.492620810397906
True,24.0,0.7,1.0,1,15,300,11.492791323273885
True,,0.9,1.0,2,2,300,11.49299278635566
True,,0.9,1.0,2,2,200,11.505894001192122
True,,0.7,1.0,1,2,300,11.51695213870362
True,,0.7,1.0,1,15,300,11.517166604069084
True,24.0,0.7,1.0,1,15,200,11.51825428866778
True,,0.9,1.0,1,2,300,11.530359200228085
True,,0.7,1.0,1,15,200,11.535921669762802
True,,0.9,1.0,1,2,200,11.540332109160394
True,,0.7,1.0,1,2,200,11.557626047369174
False,24.0,0.7,,2,15,300,11.928928464427818
False,,0.7,,2,15,200,11.939900174293713
False,24.0,0.7,,1,15,300,11.941097339200942
False,,0.7,,1,15,300,11.94186434355703
False,24.0,0.7,,2,15,200,11.944913128981229
False,,0.7,,2,15,300,11.946075797661125
False,,0.7,,1,15,200,11.958717054469243
False,24.0,0.7,,2,2,200,11.980737451481604
False,24.0,0.7,,1,15,200,11.992699056471961
False,,0.7,,2,2,200,12.010491128294163
False,24.0,0.7,,2,2,300,12.011522090773832
False,,0.7,,2,2,300,12.013621519865225
False,24.0,0.7,,1,2,300,12.027162031296406
False,,0.7,,1,2,300,12.037407500359032
False,24.0,0.7,,1,2,200,12.067032988984245
False,,0.7,,1,2,200,12.097877640425287
False,24.0,0.9,,1,15,200,12.877677107773293
False,24.0,0.9,,1,15,300,12.917665266902159
False,24.0,0.9,,2,15,200,12.930056450169422
False,24.0,0.9,,2,15,300,12.941639521532418
False,,0.9,,2,15,200,12.94628920454044
False,,0.9,,1,15,200,12.97002562548738
False,,0.9,,1,15,300,12.98326178546516
False,,0.9,,2,15,300,12.9874417613696
False,,0.9,,2,2,200,13.125928150579451
False,,0.9,,2,2,300,13.167543613155663
False,,0.9,,1,2,200,13.220306416871887
False,,0.9,,1,2,300,13.222670362213565
False,24.0,0.9,,2,2,200,13.223060570275344
False,24.0,0.9,,2,2,300,13.231475736027102
False,24.0,0.9,,1,2,200,13.241929578238848
False,24.0,0.9,,1,2,300,13.25649983532753
