tanggal,station,ISPU PM2.5,prediksi_pm25,residual,abs_error,kategori_aktual,kategori_prediksi
2024-07-20,bundaran hi,84.458336,85.770905,-1.3125687,1.3125687,Sedang,Sedang
2024-07-21,bundaran hi,84.375,87.10899,-2.7339935,2.7339935,Sedang,Sedang
2024-07-22,bundaran hi,81.791664,86.22869,-4.437027,4.437027,Sedang,Sedang
2024-07-23,bundaran hi,90.0,86.394615,3.6053848,3.6053848,Sedang,Sedang
2024-07-24,bundaran hi,99.875,93.453674,6.4213257,6.4213257,Sedang,Sedang
2024-07-25,bundaran hi,84.166664,93.39762,-9.230957,9.230957,Sedang,Sedang
2024-07-26,bundaran hi,82.916664,83.990715,-1.0740509,1.0740509,Sedang,Sedang
2024-07-27,bundaran hi,94.708336,89.83225,4.8760834,4.8760834,Sedang,Sedang
2024-07-28,bundaran hi,98.208336,94.17042,4.037918,4.037918,Sedang,Sedang
2024-07-29,bundaran hi,93.958336,94.53154,-0.57320404,0.57320404,Sedang,Sedang
2024-07-30,bundaran hi,94.958336,91.64473,3.3136063,3.3136063,Sedang,Sedang
2024-07-31,bundaran hi,102.0,100.11394,1.8860626,1.8860626,Tidak Sehat,Tidak Sehat
2024-08-01,bundaran hi,102.25,95.45035,6.799652,6.799652,Tidak Sehat,Sedang
2024-08-02,bundaran hi,90.5,94.803444,-4.303444,4.303444,Sedang,Sedang
2024-08-03,bundaran hi,66.416664,84.64545,-18.228783,18.228783,Sedang,Sedang
2024-08-04,bundaran hi,72.208336,75.202576,-2.9942398,2.9942398,Sedang,Sedang
2024-08-05,bundaran hi,78.0,80.684,-2.683998,2.683998,Sedang,Sedang
2024-08-06,bundaran hi,75.0,79.12237,-4.122368,4.122368,Sedang,Sedang
2024-08-07,bundaran hi,85.708336,79.802986,5.9053497,5.9053497,Sedang,Sedang
2024-08-08,bundaran hi,97.166664,87.68762,9.479042,9.479042,Sedang,Sedang
2024-08-09,bundaran hi,93.541664,91.79996,1.7417068,1.7417068,Sedang,Sedang
2024-08-10,bundaran hi,81.375,81.22113,0.15386963,0.15386963,Sedang,Sedang
2024-08-11,bundaran hi,77.041664,83.65873,-6.6170654,6.6170654,Sedang,Sedang
2024-08-12,bundaran hi,77.791664,80.16271,-2.371048,2.371048,Sedang,Sedang
2024-08-13,bundaran hi,88.458336,85.638176,2.82016,2.82016,Sedang,Sedang
2024-08-14,bundaran hi,92.208336,89.674164,2.534172,2.534172,Sedang,Sedang
2024-08-15,bundaran hi,91.208336,94.32529,-3.116951,3.116951,Sedang,Sedang
2024-08-16,bundaran hi,92.0,94.155975,-2.1559753,2.1559753,Sedang,Sedang
2024-08-17,bundaran hi,92.25,92.8039,-0.5539017,0.5539017,Sedang,Sedang
2024-08-18,bundaran hi,90.166664,86.29326,3.8734055,3.8734055,Sedang,Sedang
2024-08-19,bundaran hi,86.583336,90.708694,-4.1253586,4.1253586,Sedang,Sedang
2024-08-20,bundaran hi,90.708336,89.235115,1.4732208,1.4732208,Sedang,Sedang
2024-08-21,bundaran hi,96.666664,95.04296,1.623703,1.623703,Sedang,Sedang
2024-08-22,bundaran hi,89.125,92.14592,-3.0209198,3.0209198,Sedang,Sedang
2024-08-23,bundaran hi,77.291664,83.70644,-6.4147797,6.4147797,Sedang,Sedang
2024-08-24,bundaran hi,92.916664,83.56396,9.352707,9.352707,Sedang,Sedang
2024-08-25,bundaran hi,94.166664,96.16043,-1.9937668,1.9937668,Sedang,Sedang
2024-08-26,bundaran hi,78.583336,88.39696,-9.8136215,9.8136215,Sedang,Sedang
2024-08-27,bundaran hi,102.041664,83.46614,18.575523,18.575523,Tidak Sehat,Sedang
2024-08-28,bundaran hi,90.833336,96.88421,-6.050873,6.050873,Sedang,Sedang
2024-08-29,bundaran hi,93.583336,92.917564,0.6657715,0.6657715,Sedang,Sedang
2024-08-30,bundaran hi,99.5,93.860886,5.6391144,5.6391144,Sedang,Sedang
2024-08-31,bundaran hi,77.875,98.01334,-20.138344,20.138344,Sedang,Sedang
2024-09-01,bundaran hi,72.5,80.45263,-7.952629,7.952629,Sedang,Sedang
2024-09-02,bundaran hi,70.625,80.12871,-9.503708,9.503708,Sedang,Sedang
2024-09-03,bundaran hi,78.5,80.81798,-2.317978,2.317978,Sedang,Sedang
2024-09-04,bundaran hi,82.708336,82.1186,0.58973694,0.58973694,Sedang,Sedang
2024-09-05,bundaran hi,72.583336,81.97409,-9.390755,9.390755,Sedang,Sedang
2024-09-06,bundaran hi,84.041664,77.24924,6.792427,6.792427,Sedang,Sedang
2024-09-07,bundaran hi,77.583336,80.18417,-2.6008377,2.6008377,Sedang,Sedang
2024-09-08,bundaran hi,80.958336,70.30687,10.651466,10.651466,Sedang,Sedang
2024-09-09,bundaran hi,70.916664,74.499695,-3.5830307,3.5830307,Sedang,Sedang
2024-09-10,bundaran hi,68.208336,71.28316,-3.0748215,3.0748215,Sedang,Sedang
2024-09-11,bundaran hi,61.666668,75.5032,-13.836529,13.836529,Sedang,Sedang
2024-09-12,bundaran hi,80.541664,71.66858,8.873085,8.873085,Sedang,Sedang
2024-09-13,bundaran hi,77.958336,86.670265,-8.711929,8.711929,Sedang,Sedang
2024-09-14,bundaran hi,83.458336,82.630394,0.8279419,0.8279419,Sedang,Sedang
2024-09-15,bundaran hi,85.708336,85.668785,0.03955078,0.03955078,Sedang,Sedang
2024-09-16,bundaran hi,85.041664,85.42456,-0.38289642,0.38289642,Sedang,Sedang
2024-09-17,bundaran hi,79.833336,84.49867,-4.6653366,4.6653366,Sedang,Sedang
2024-09-18,bundaran hi,75.875,84.880135,-9.005135,9.005135,Sedang,Sedang
2024-09-19,bundaran hi,74.0,84.99788,-10.997879,10.997879,Sedang,Sedang
2024-09-20,bundaran hi,81.208336,81.93882,-0.730484,0.730484,Sedang,Sedang
2024-09-21,bundaran hi,90.416664,82.87035,7.5463104,7.5463104,Sedang,Sedang
2024-09-22,bundaran hi,74.0,90.04678,-16.046783,16.046783,Sedang,Sedang
2024-09-23,bundaran hi,83.958336,78.02398,5.9343567,5.9343567,Sedang,Sedang
2024-09-24,bundaran hi,76.75,79.62243,-2.872429,2.872429,Sedang,Sedang
2024-09-25,bundaran hi,85.0,75.25178,9.748222,9.748222,Sedang,Sedang
2024-09-26,bundaran hi,72.708336,77.495026,-4.7866898,4.7866898,Sedang,Sedang
2024-09-27,bundaran hi,72.0,73.20996,-1.2099609,1.2099609,Sedang,Sedang
2024-09-28,bundaran hi,81.708336,76.237595,5.4707413,5.4707413,Sedang,Sedang
2024-09-29,bundaran hi,74.0,81.41028,-7.4102783,7.4102783,Sedang,Sedang
2024-09-30,bundaran hi,72.708336,81.78079,-9.072456,9.072456,Sedang,Sedang
2024-10-01,bundaran hi,86.125,81.460625,4.6643753,4.6643753,Sedang,Sedang
2024-10-02,bundaran hi,87.625,90.07905,-2.4540482,2.4540482,Sedang,Sedang
2024-10-03,bundaran hi,69.791664,90.28585,-20.494186,20.494186,Sedang,Sedang
2024-10-04,bundaran hi,84.416664,77.694984,6.7216797,6.7216797,Sedang,Sedang
2024-10-05,bundaran hi,79.625,80.15594,-0.5309372,0.5309372,Sedang,Sedang
2024-10-06,bundaran hi,75.625,84.788666,-9.163666,9.163666,Sedang,Sedang
2024-10-07,bundaran hi,101.916664,73.68378,28.232887,28.232887,Tidak Sehat,Sedang
2024-10-08,bundaran hi,81.708336,85.565155,-3.8568192,3.8568192,Sedang,Sedang
2024-10-09,bundaran hi,75.375,85.139626,-9.764626,9.764626,Sedang,Sedang
2024-10-10,bundaran hi,74.166664,80.37264,-6.2059784,6.2059784,Sedang,Sedang
2024-10-11,bundaran hi,74.0,77.923546,-3.9235458,3.9235458,Sedang,Sedang
2024-10-12,bundaran hi,74.0,67.97694,6.0230637,6.0230637,Sedang,Sedang
2024-10-13,bundaran hi,74.0,67.96577,6.034233,6.034233,Sedang,Sedang
2024-10-14,bundaran hi,74.0,66.152534,7.8474655,7.8474655,Sedang,Sedang
2024-10-15,bundaran hi,74.0,83.943375,-9.943375,9.943375,Sedang,Sedang
2024-10-16,bundaran hi,74.0,76.60227,-2.602272,2.602272,Sedang,Sedang
2024-10-17,bundaran hi,74.0,79.63549,-5.6354904,5.6354904,Sedang,Sedang
2024-10-18,bundaran hi,30.833334,78.870384,-48.03705,48.03705,Baik,Sedang
2024-10-19,bundaran hi,0.0,53.09014,-53.09014,53.09014,Baik,Sedang
2024-10-20,bundaran hi,74.0,32.044865,41.955135,41.955135,Sedang,Baik
2024-10-21,bundaran hi,74.0,66.335495,7.664505,7.664505,Sedang,Sedang
2024-10-22,bundaran hi,43.166668,84.10886,-40.94219,40.94219,Baik,Sedang
2024-10-23,bundaran hi,0.0,52.48847,-52.48847,52.48847,Baik,Sedang
2024-10-24,bundaran hi,74.0,28.353043,45.646957,45.646957,Sedang,Baik
2024-10-25,bundaran hi,64.75,66.15798,-1.4079819,1.4079819,Sedang,Sedang
2024-10-26,bundaran hi,27.75,71.78429,-44.034286,44.034286,Baik,Sedang
2024-10-27,bundaran hi,55.5,47.863815,7.6361847,7.6361847,Sedang,Baik
2024-10-28,bundaran hi,58.583332,64.21141,-5.6280785,5.6280785,Sedang,Sedang
2024-10-29,bundaran hi,58.583332,70.016884,-11.433552,11.433552,Sedang,Sedang
2024-10-30,bundaran hi,74.0,64.740685,9.2593155,9.2593155,Sedang,Sedang
2024-10-31,bundaran hi,74.0,75.76458,-1.7645798,1.7645798,Sedang,Sedang
2024-11-01,bundaran hi,82.333336,72.58631,9.747025,9.747025,Sedang,Sedang
2024-11-02,bundaran hi,86.708336,79.55398,7.154358,7.154358,Sedang,Sedang
2024-11-03,bundaran hi,72.208336,69.04372,3.1646194,3.1646194,Sedang,Sedang
2024-11-04,bundaran hi,61.958332,66.58403,-4.625698,4.625698,Sedang,Sedang
2024-11-05,bundaran hi,63.166668,77.52127,-14.354603,14.354603,Sedang,Sedang
2024-11-06,bundaran hi,60.625,66.44698,-5.8219833,5.8219833,Sedang,Sedang
2024-11-07,bundaran hi,76.125,63.062553,13.062447,13.062447,Sedang,Sedang
2024-11-08,bundaran hi,85.166664,77.913605,7.2530594,7.2530594,Sedang,Sedang
2024-11-09,bundaran hi,94.458336,85.364044,9.094292,9.094292,Sedang,Sedang
2024-11-10,bundaran hi,74.0,81.76801,-7.768013,7.768013,Sedang,Sedang
2024-11-11,bundaran hi,74.0,62.216934,11.783066,11.783066,Sedang,Sedang
2024-11-12,bundaran hi,63.541668,65.70582,-2.1641502,2.1641502,Sedang,Sedang
2024-11-13,bundaran hi,69.583336,69.22398,0.3593521,0.3593521,Sedang,Sedang
2024-11-14,bundaran hi,93.25,72.2771,20.9729,20.9729,Sedang,Sedang
2024-11-15,bundaran hi,103.25,93.45514,9.794861,9.794861,Tidak Sehat,Sedang
2024-11-16,bundaran hi,107.75,95.94912,11.80088,11.80088,Tidak Sehat,Sedang
2024-11-17,bundaran hi,114.625,90.35936,24.26564,24.26564,Tidak Sehat,Sedang
2024-11-18,bundaran hi,78.25,94.23103,-15.981033,15.981033,Sedang,Sedang
2024-11-19,bundaran hi,61.291668,76.20107,-14.909405,14.909405,Sedang,Sedang
2024-11-20,bundaran hi,62.25,72.98297,-10.732971,10.732971,Sedang,Sedang
2024-11-21,bundaran hi,74.0,69.34991,4.650093,4.650093,Sedang,Sedang
2024-11-22,bundaran hi,68.833336,75.59854,-6.7652054,6.7652054,Sedang,Sedang
2024-11-23,bundaran hi,51.208332,64.404144,-13.195812,13.195812,Sedang,Sedang
2024-11-24,bundaran hi,51.958332,57.450314,-5.4919815,5.4919815,Sedang,Sedang
2024-11-25,bundaran hi,42.958332,59.20565,-16.247318,16.247318,Baik,Sedang
2024-11-26,bundaran hi,53.125,47.34086,5.7841415,5.7841415,Sedang,Baik
2024-11-27,bundaran hi,9.75,64.17069,-54.420692,54.420692,Baik,Sedang
2024-11-28,bundaran hi,42.416668,34.2529,8.163769,8.163769,Baik,Baik
2024-11-29,bundaran hi,37.5,36.26989,1.2301102,1.2301102,Baik,Baik
2024-11-30,bundaran hi,38.666668,39.58445,-0.91778183,0.91778183,Baik,Baik
2024-12-01,bundaran hi,39.458332,45.390007,-5.931675,5.931675,Baik,Baik
2024-12-02,bundaran hi,27.083334,36.120815,-9.037481,9.037481,Baik,Baik
2024-12-03,bundaran hi,17.166666,23.352543,-6.185877,6.185877,Baik,Baik
2024-12-04,bundaran hi,74.0,24.66101,49.33899,49.33899,Sedang,Baik
2024-12-05,bundaran hi,74.0,64.14896,9.851044,9.851044,Sedang,Sedang
2024-12-06,bundaran hi,74.0,60.899647,13.100353,13.100353,Sedang,Sedang
2024-12-07,bundaran hi,74.0,64.59904,9.400963,9.400963,Sedang,Sedang
2024-12-08,bundaran hi,74.0,70.44455,3.5554504,3.5554504,Sedang,Sedang
2024-12-09,bundaran hi,74.0,65.35532,8.644676,8.644676,Sedang,Sedang
2024-12-10,bundaran hi,44.75,67.44117,-22.69117,22.69117,Baik,Sedang
2024-12-11,bundaran hi,10.041667,57.16011,-47.118443,47.118443,Baik,Sedang
2024-12-12,bundaran hi,30.958334,41.92279,-10.964457,10.964457,Baik,Baik
2024-12-13,bundaran hi,39.666668,37.927536,1.7391319,1.7391319,Baik,Baik
2024-12-14,bundaran hi,38.708332,38.973198,-0.26486588,0.26486588,Baik,Baik
2024-12-15,bundaran hi,29.083334,34.809967,-5.726633,5.726633,Baik,Baik
2024-12-16,bundaran hi,31.875,31.157974,0.71702576,0.71702576,Baik,Baik
2024-12-17,bundaran hi,32.958332,40.90858,-7.9502487,7.9502487,Baik,Baik
2024-12-18,bundaran hi,35.0,40.91394,-5.9139404,5.9139404,Baik,Baik
2024-12-19,bundaran hi,18.791666,41.72226,-22.930593,22.930593,Baik,Baik
2024-12-20,bundaran hi,35.041668,23.044178,11.99749,11.99749,Baik,Baik
2024-12-21,bundaran hi,74.0,27.337254,46.662746,46.662746,Sedang,Baik
2024-12-22,bundaran hi,74.0,70.53038,3.4696198,3.4696198,Sedang,Sedang
2024-12-23,bundaran hi,74.0,66.32757,7.672432,7.672432,Sedang,Sedang
2024-12-24,bundaran hi,74.0,61.870457,12.129543,12.129543,Sedang,Sedang
2024-12-25,bundaran hi,74.0,65.9524,8.0476,8.0476,Sedang,Sedang
2024-12-26,bundaran hi,74.0,67.81191,6.1880875,6.1880875,Sedang,Sedang
2024-12-27,bundaran hi,67.875,68.080925,-0.20592499,0.20592499,Sedang,Sedang
2024-12-28,bundaran hi,74.0,71.117874,2.8821259,2.8821259,Sedang,Sedang
2024-12-29,bundaran hi,74.0,71.29006,2.709938,2.709938,Sedang,Sedang
2024-12-30,bundaran hi,74.0,69.087654,4.912346,4.912346,Sedang,Sedang
2024-12-31,bundaran hi,48.125,66.26023,-18.135231,18.135231,Baik,Sedang
2024-07-20,jagakarsa,88.125,82.64837,5.476631,5.476631,Sedang,Sedang
2024-07-21,jagakarsa,83.333336,86.12598,-2.7926407,2.7926407,Sedang,Sedang
2024-07-22,jagakarsa,80.125,82.59862,-2.4736176,2.4736176,Sedang,Sedang
2024-07-23,jagakarsa,82.291664,84.41926,-2.127594,2.127594,Sedang,Sedang
2024-07-24,jagakarsa,83.375,86.90836,-3.5333633,3.5333633,Sedang,Sedang
2024-07-25,jagakarsa,72.208336,85.303444,-13.095108,13.095108,Sedang,Sedang
2024-07-26,jagakarsa,76.041664,78.223366,-2.1817017,2.1817017,Sedang,Sedang
2024-07-27,jagakarsa,87.416664,85.31003,2.106636,2.106636,Sedang,Sedang
2024-07-28,jagakarsa,96.25,88.046974,8.203026,8.203026,Sedang,Sedang
2024-07-29,jagakarsa,94.5,89.12201,5.3779907,5.3779907,Sedang,Sedang
2024-07-30,jagakarsa,90.791664,87.85125,2.9404144,2.9404144,Sedang,Sedang
2024-07-31,jagakarsa,100.625,94.41644,6.208557,6.208557,Tidak Sehat,Sedang
2024-08-01,jagakarsa,98.583336,92.447914,6.1354218,6.1354218,Sedang,Sedang
2024-08-02,jagakarsa,78.791664,88.92732,-10.135658,10.135658,Sedang,Sedang
2024-08-03,jagakarsa,62.291668,75.41345,-13.121784,13.121784,Sedang,Sedang
2024-08-04,jagakarsa,65.625,70.08355,-4.4585495,4.4585495,Sedang,Sedang
2024-08-05,jagakarsa,69.875,75.1998,-5.3247986,5.3247986,Sedang,Sedang
2024-08-06,jagakarsa,79.375,73.1651,6.2099,6.2099,Sedang,Sedang
2024-08-07,jagakarsa,88.5,82.18028,6.3197174,6.3197174,Sedang,Sedang
2024-08-08,jagakarsa,106.791664,88.66602,18.12564,18.12564,Tidak Sehat,Sedang
2024-08-09,jagakarsa,89.333336,95.74975,-6.4164124,6.4164124,Sedang,Sedang
2024-08-10,jagakarsa,83.375,78.84995,4.5250473,4.5250473,Sedang,Sedang
2024-08-11,jagakarsa,80.166664,84.00284,-3.836174,3.836174,Sedang,Sedang
2024-08-12,jagakarsa,74.125,81.859085,-7.734085,7.734085,Sedang,Sedang
2024-08-13,jagakarsa,90.458336,80.4725,9.985832,9.985832,Sedang,Sedang
2024-08-14,jagakarsa,94.25,89.06217,5.187828,5.187828,Sedang,Sedang
2024-08-15,jagakarsa,96.708336,93.23447,3.4738693,3.4738693,Sedang,Sedang
2024-08-16,jagakarsa,91.833336,96.718,-4.8846664,4.8846664,Sedang,Sedang
2024-08-17,jagakarsa,103.0,91.51172,11.488281,11.488281,Tidak Sehat,Sedang
2024-08-18,jagakarsa,100.833336,91.53624,9.297096,9.297096,Tidak Sehat,Sedang
2024-08-19,jagakarsa,90.25,93.280235,-3.0302353,3.0302353,Sedang,Sedang
2024-08-20,jagakarsa,98.333336,87.464355,10.86898,10.86898,Sedang,Sedang
2024-08-21,jagakarsa,103.5,95.03848,8.461517,8.461517,Tidak Sehat,Sedang
2024-08-22,jagakarsa,93.208336,94.21497,-1.0066376,1.0066376,Sedang,Sedang
2024-08-23,jagakarsa,86.375,85.79599,0.57901,0.57901,Sedang,Sedang
2024-08-24,jagakarsa,92.791664,87.96214,4.829521,4.829521,Sedang,Sedang
2024-08-25,jagakarsa,87.166664,94.58234,-7.4156723,7.4156723,Sedang,Sedang
2024-08-26,jagakarsa,86.291664,82.85155,3.440117,3.440117,Sedang,Sedang
2024-08-27,jagakarsa,99.625,85.35272,14.272278,14.272278,Sedang,Sedang
2024-08-28,jagakarsa,82.0,94.342545,-12.342545,12.342545,Sedang,Sedang
2024-08-29,jagakarsa,89.708336,84.499435,5.2089005,5.2089005,Sedang,Sedang
2024-08-30,jagakarsa,85.75,89.75897,-4.008972,4.008972,Sedang,Sedang
2024-08-31,jagakarsa,72.833336,87.91309,-15.079758,15.079758,Sedang,Sedang
2024-09-01,jagakarsa,78.666664,73.79564,4.871025,4.871025,Sedang,Sedang
2024-09-02,jagakarsa,81.625,79.71193,1.9130707,1.9130707,Sedang,Sedang
2024-09-03,jagakarsa,75.875,82.94379,-7.0687866,7.0687866,Sedang,Sedang
2024-09-04,jagakarsa,71.291664,75.5075,-4.2158356,4.2158356,Sedang,Sedang
2024-09-05,jagakarsa,67.0,71.621864,-4.6218643,4.6218643,Sedang,Sedang
2024-09-06,jagakarsa,69.416664,71.76833,-2.3516693,2.3516693,Sedang,Sedang
2024-09-07,jagakarsa,73.083336,68.96229,4.121048,4.121048,Sedang,Sedang
2024-09-08,jagakarsa,70.416664,64.94182,5.474846,5.474846,Sedang,Sedang
2024-09-09,jagakarsa,60.916668,64.151375,-3.2347069,3.2347069,Sedang,Sedang
2024-09-10,jagakarsa,52.416668,62.337082,-9.920414,9.920414,Sedang,Sedang
2024-09-11,jagakarsa,0.0,65.293625,-65.293625,65.293625,Baik,Sedang
2024-09-12,jagakarsa,66.375,43.683548,22.691452,22.691452,Sedang,Baik
2024-09-13,jagakarsa,71.75,80.48526,-8.73526,8.73526,Sedang,Sedang
2024-09-14,jagakarsa,71.916664,77.43343,-5.5167694,5.5167694,Sedang,Sedang
2024-09-15,jagakarsa,71.416664,75.672745,-4.2560806,4.2560806,Sedang,Sedang
2024-09-16,jagakarsa,82.333336,72.1634,10.169937,10.169937,Sedang,Sedang
2024-09-17,jagakarsa,77.291664,79.38444,-2.0927734,2.0927734,Sedang,Sedang
2024-09-18,jagakarsa,68.291664,77.05622,-8.764557,8.764557,Sedang,Sedang
2024-09-19,jagakarsa,73.0,75.613304,-2.6133041,2.6133041,Sedang,Sedang
2024-09-20,jagakarsa,77.833336,79.131134,-1.2977982,1.2977982,Sedang,Sedang
2024-09-21,jagakarsa,85.333336,78.64532,6.688019,6.688019,Sedang,Sedang
2024-09-22,jagakarsa,73.0,84.28462,-11.284622,11.284622,Sedang,Sedang
2024-09-23,jagakarsa,81.0,74.39041,6.6095886,6.6095886,Sedang,Sedang
2024-09-24,jagakarsa,76.791664,73.37361,3.4180527,3.4180527,Sedang,Sedang
2024-09-25,jagakarsa,79.333336,74.87682,4.4565125,4.4565125,Sedang,Sedang
2024-09-26,jagakarsa,64.541664,77.80795,-13.266289,13.266289,Sedang,Sedang
2024-09-27,jagakarsa,65.833336,71.61954,-5.7862015,5.7862015,Sedang,Sedang
2024-09-28,jagakarsa,78.583336,73.90309,4.6802444,4.6802444,Sedang,Sedang
2024-09-29,jagakarsa,73.0,73.35205,-0.35205078,0.35205078,Sedang,Sedang
2024-09-30,jagakarsa,70.041664,73.22565,-3.1839828,3.1839828,Sedang,Sedang
2024-10-01,jagakarsa,86.25,73.11138,13.138618,13.138618,Sedang,Sedang
2024-10-02,jagakarsa,86.291664,84.74099,1.5506744,1.5506744,Sedang,Sedang
2024-10-03,jagakarsa,80.208336,86.2917,-6.0833664,6.0833664,Sedang,Sedang
2024-10-04,jagakarsa,75.083336,82.59067,-7.507332,7.507332,Sedang,Sedang
2024-10-05,jagakarsa,69.875,73.740395,-3.8653946,3.8653946,Sedang,Sedang
2024-10-06,jagakarsa,70.875,78.069084,-7.194084,7.194084,Sedang,Sedang
2024-10-07,jagakarsa,109.583336,69.45706,40.126274,40.126274,Tidak Sehat,Sedang
2024-10-08,jagakarsa,75.791664,86.08177,-10.290108,10.290108,Sedang,Sedang
2024-10-09,jagakarsa,77.125,77.93859,-0.813591,0.813591,Sedang,Sedang
2024-10-10,jagakarsa,73.5,80.22369,-6.723686,6.723686,Sedang,Sedang
2024-10-11,jagakarsa,73.0,76.96637,-3.9663696,3.9663696,Sedang,Sedang
2024-10-12,jagakarsa,73.0,68.62081,4.3791885,4.3791885,Sedang,Sedang
2024-10-13,jagakarsa,73.0,70.894875,2.1051254,2.1051254,Sedang,Sedang
2024-10-14,jagakarsa,73.0,64.84397,8.156029,8.156029,Sedang,Sedang
2024-10-15,jagakarsa,73.0,79.72044,-6.7204437,6.7204437,Sedang,Sedang
2024-10-16,jagakarsa,73.0,76.13134,-3.13134,3.13134,Sedang,Sedang
2024-10-17,jagakarsa,73.0,77.63735,-4.637352,4.637352,Sedang,Sedang
2024-10-18,jagakarsa,69.666664,78.34775,-8.681084,8.681084,Sedang,Sedang
2024-10-19,jagakarsa,89.541664,76.05231,13.489357,13.489357,Sedang,Sedang
2024-10-20,jagakarsa,73.0,84.02643,-11.026428,11.026428,Sedang,Sedang
2024-10-21,jagakarsa,73.0,68.25922,4.7407837,4.7407837,Sedang,Sedang
2024-10-22,jagakarsa,73.041664,79.428894,-6.38723,6.38723,Sedang,Sedang
2024-10-23,jagakarsa,71.291664,71.768425,-0.47676086,0.47676086,Sedang,Sedang
2024-10-24,jagakarsa,73.0,72.64113,0.35887146,0.35887146,Sedang,Sedang
2024-10-25,jagakarsa,71.75,70.56083,1.1891708,1.1891708,Sedang,Sedang
2024-10-26,jagakarsa,67.5,74.84984,-7.3498383,7.3498383,Sedang,Sedang
2024-10-27,jagakarsa,73.416664,68.83067,4.585991,4.585991,Sedang,Sedang
2024-10-28,jagakarsa,74.083336,77.01256,-2.929222,2.929222,Sedang,Sedang
2024-10-29,jagakarsa,74.458336,82.12673,-7.668396,7.668396,Sedang,Sedang
2024-10-30,jagakarsa,73.0,77.57378,-4.5737762,4.5737762,Sedang,Sedang
2024-10-31,jagakarsa,73.0,76.10839,-3.1083908,3.1083908,Sedang,Sedang
2024-11-01,jagakarsa,75.958336,71.27579,4.6825485,4.6825485,Sedang,Sedang
2024-11-02,jagakarsa,82.333336,72.05309,10.280243,10.280243,Sedang,Sedang
2024-11-03,jagakarsa,68.0,65.95524,2.0447617,2.0447617,Sedang,Sedang
2024-11-04,jagakarsa,59.5,65.103,-5.602997,5.602997,Sedang,Sedang
2024-11-05,jagakarsa,70.583336,71.04173,-0.4583969,0.4583969,Sedang,Sedang
2024-11-06,jagakarsa,58.25,69.268684,-11.018684,11.018684,Sedang,Sedang
2024-11-07,jagakarsa,68.125,65.83351,2.2914886,2.2914886,Sedang,Sedang
2024-11-08,jagakarsa,83.375,73.9117,9.463303,9.463303,Sedang,Sedang
2024-11-09,jagakarsa,79.0,81.10401,-2.1040115,2.1040115,Sedang,Sedang
2024-11-10,jagakarsa,73.0,71.41835,1.5816498,1.5816498,Sedang,Sedang
2024-11-11,jagakarsa,73.0,63.820274,9.179726,9.179726,Sedang,Sedang
2024-11-12,jagakarsa,63.083332,62.919018,0.16431427,0.16431427,Sedang,Sedang
2024-11-13,jagakarsa,70.333336,68.4438,1.889534,1.889534,Sedang,Sedang
2024-11-14,jagakarsa,97.625,75.591194,22.033806,22.033806,Sedang,Sedang
2024-11-15,jagakarsa,101.083336,95.74104,5.342293,5.342293,Tidak Sehat,Sedang
2024-11-16,jagakarsa,88.75,92.239265,-3.4892654,3.4892654,Sedang,Sedang
2024-11-17,jagakarsa,87.708336,85.21225,2.4960861,2.4960861,Sedang,Sedang
2024-11-18,jagakarsa,63.708332,79.4027,-15.69437,15.69437,Sedang,Sedang
2024-11-19,jagakarsa,57.083332,66.05252,-8.969189,8.969189,Sedang,Sedang
2024-11-20,jagakarsa,52.5,65.68542,-13.185417,13.185417,Sedang,Sedang
2024-11-21,jagakarsa,73.0,61.468567,11.531433,11.531433,Sedang,Sedang
2024-11-22,jagakarsa,71.5,71.05802,0.44197845,0.44197845,Sedang,Sedang
2024-11-23,jagakarsa,62.708332,63.727097,-1.0187645,1.0187645,Sedang,Sedang
2024-11-24,jagakarsa,56.375,57.493835,-1.1188354,1.1188354,Sedang,Sedang
2024-11-25,jagakarsa,52.0,60.816914,-8.816914,8.816914,Sedang,Sedang
2024-11-26,jagakarsa,59.0,54.315735,4.684265,4.684265,Sedang,Sedang
2024-11-27,jagakarsa,63.416668,67.248886,-3.8322182,3.8322182,Sedang,Sedang
2024-11-28,jagakarsa,7.375,62.12466,-54.74966,54.74966,Baik,Sedang
2024-11-29,jagakarsa,37.083332,31.593472,5.4898605,5.4898605,Baik,Baik
2024-11-30,jagakarsa,65.416664,41.417847,23.998817,23.998817,Sedang,Baik
2024-12-01,jagakarsa,66.583336,61.662548,4.920788,4.920788,Sedang,Sedang
2024-12-02,jagakarsa,51.708332,50.22091,1.487423,1.487423,Sedang,Sedang
2024-12-03,jagakarsa,32.083332,41.24643,-9.163097,9.163097,Baik,Baik
2024-12-04,jagakarsa,73.0,40.653793,32.346207,32.346207,Sedang,Baik
2024-12-05,jagakarsa,73.0,64.50394,8.496063,8.496063,Sedang,Sedang
2024-12-06,jagakarsa,73.0,62.23355,10.766449,10.766449,Sedang,Sedang
2024-12-07,jagakarsa,73.0,70.13339,2.8666077,2.8666077,Sedang,Sedang
2024-12-08,jagakarsa,73.0,74.58443,-1.5844269,1.5844269,Sedang,Sedang
2024-12-09,jagakarsa,73.0,63.515755,9.484245,9.484245,Sedang,Sedang
2024-12-10,jagakarsa,59.833332,64.00972,-4.176388,4.176388,Sedang,Sedang
2024-12-11,jagakarsa,15.041667,62.80041,-47.758743,47.758743,Baik,Sedang
2024-12-12,jagakarsa,35.125,47.096184,-11.971184,11.971184,Baik,Baik
2024-12-13,jagakarsa,46.25,42.850212,3.399788,3.399788,Baik,Baik
2024-12-14,jagakarsa,45.541668,43.098274,2.4433937,2.4433937,Baik,Baik
2024-12-15,jagakarsa,37.083332,34.531116,2.5522156,2.5522156,Baik,Baik
2024-12-16,jagakarsa,46.5,37.15534,9.344662,9.344662,Baik,Baik
2024-12-17,jagakarsa,40.875,51.805992,-10.930992,10.930992,Baik,Sedang
2024-12-18,jagakarsa,62.541668,50.13286,12.40881,12.40881,Sedang,Sedang
2024-12-19,jagakarsa,41.875,61.877365,-20.002365,20.002365,Baik,Sedang
2024-12-20,jagakarsa,38.666668,42.63617,-3.9695015,3.9695015,Baik,Baik
2024-12-21,jagakarsa,73.0,40.40883,32.59117,32.59117,Sedang,Baik
2024-12-22,jagakarsa,73.0,72.73777,0.26222992,0.26222992,Sedang,Sedang
2024-12-23,jagakarsa,73.0,69.46976,3.530243,3.530243,Sedang,Sedang
2024-12-24,jagakarsa,73.0,65.08351,7.9164886,7.9164886,Sedang,Sedang
2024-12-25,jagakarsa,73.0,66.703415,6.296585,6.296585,Sedang,Sedang
2024-12-26,jagakarsa,73.0,68.615364,4.384636,4.384636,Sedang,Sedang
2024-12-27,jagakarsa,79.791664,67.40213,12.389534,12.389534,Sedang,Sedang
2024-12-28,jagakarsa,73.0,73.28404,-0.28404236,0.28404236,Sedang,Sedang
2024-12-29,jagakarsa,73.0,68.676865,4.3231354,4.3231354,Sedang,Sedang
2024-12-30,jagakarsa,73.0,67.75826,5.2417374,5.2417374,Sedang,Sedang
2024-12-31,jagakarsa,58.166668,64.84382,-6.6771507,6.6771507,Sedang,Sedang
2024-07-20,kebun jeruk,92.25,86.15596,6.09404,6.09404,Sedang,Sedang
2024-07-21,kebun jeruk,56.541668,89.13361,-32.591946,32.591946,Sedang,Sedang
2024-07-22,kebun jeruk,55.583332,71.30032,-15.716991,15.716991,Sedang,Sedang
2024-07-23,kebun jeruk,86.5,72.19741,14.302589,14.302589,Sedang,Sedang
2024-07-24,kebun jeruk,94.666664,89.971344,4.69532,4.69532,Sedang,Sedang
2024-07-25,kebun jeruk,85.0,87.74867,-2.7486725,2.7486725,Sedang,Sedang
2024-07-26,kebun jeruk,86.333336,80.04034,6.2929993,6.2929993,Sedang,Sedang
2024-07-27,kebun jeruk,92.625,89.70787,2.9171295,2.9171295,Sedang,Sedang
2024-07-28,kebun jeruk,99.5,89.84783,9.652168,9.652168,Sedang,Sedang
2024-07-29,kebun jeruk,98.375,95.13547,3.2395325,3.2395325,Sedang,Sedang
2024-07-30,kebun jeruk,100.083336,93.584175,6.499161,6.499161,Tidak Sehat,Sedang
2024-07-31,kebun jeruk,109.875,104.5452,5.3298035,5.3298035,Tidak Sehat,Tidak Sehat
2024-08-01,kebun jeruk,106.333336,103.51364,2.8196945,2.8196945,Tidak Sehat,Tidak Sehat
2024-08-02,kebun jeruk,97.541664,98.490265,-0.94860077,0.94860077,Sedang,Sedang
2024-08-03,kebun jeruk,72.166664,83.87998,-11.713318,11.713318,Sedang,Sedang
2024-08-04,kebun jeruk,80.125,72.765915,7.359085,7.359085,Sedang,Sedang
2024-08-05,kebun jeruk,49.083332,86.7567,-37.673367,37.673367,Baik,Sedang
2024-08-06,kebun jeruk,78.75,63.09127,15.65873,15.65873,Sedang,Sedang
2024-08-07,kebun jeruk,95.0,85.69138,9.308617,9.308617,Sedang,Sedang
2024-08-08,kebun jeruk,113.791664,94.851295,18.940369,18.940369,Tidak Sehat,Sedang
2024-08-09,kebun jeruk,104.041664,99.97112,4.0705414,4.0705414,Tidak Sehat,Sedang
2024-08-10,kebun jeruk,87.916664,86.42778,1.488884,1.488884,Sedang,Sedang
2024-08-11,kebun jeruk,87.0,83.46657,3.533432,3.533432,Sedang,Sedang
2024-08-12,kebun jeruk,86.125,83.114136,3.0108643,3.0108643,Sedang,Sedang
2024-08-13,kebun jeruk,103.083336,83.84324,19.240097,19.240097,Tidak Sehat,Sedang
2024-08-14,kebun jeruk,109.541664,100.452736,9.088928,9.088928,Tidak Sehat,Tidak Sehat
2024-08-15,kebun jeruk,103.75,107.87975,-4.129753,4.129753,Tidak Sehat,Tidak Sehat
2024-08-16,kebun jeruk,102.833336,103.276794,-0.44345856,0.44345856,Tidak Sehat,Tidak Sehat
2024-08-17,kebun jeruk,107.333336,96.57378,10.75956,10.75956,Tidak Sehat,Sedang
2024-08-18,kebun jeruk,103.791664,93.98237,9.809296,9.809296,Tidak Sehat,Sedang
2024-08-19,kebun jeruk,97.125,99.20015,-2.0751495,2.0751495,Sedang,Sedang
2024-08-20,kebun jeruk,109.041664,96.824875,12.216789,12.216789,Tidak Sehat,Sedang
2024-08-21,kebun jeruk,118.25,108.190414,10.059586,10.059586,Tidak Sehat,Tidak Sehat
2024-08-22,kebun jeruk,95.75,102.97528,-7.225281,7.225281,Sedang,Tidak Sehat
2024-08-23,kebun jeruk,80.583336,84.99843,-4.4150925,4.4150925,Sedang,Sedang
2024-08-24,kebun jeruk,96.083336,86.77623,9.307106,9.307106,Sedang,Sedang
2024-08-25,kebun jeruk,98.0,97.84657,0.15342712,0.15342712,Sedang,Sedang
2024-08-26,kebun jeruk,97.416664,88.31073,9.105934,9.105934,Sedang,Sedang
2024-08-27,kebun jeruk,114.916664,94.5854,20.33126,20.33126,Tidak Sehat,Sedang
2024-08-28,kebun jeruk,92.833336,100.85109,-8.017754,8.017754,Sedang,Tidak Sehat
2024-08-29,kebun jeruk,105.0,94.08407,10.915932,10.915932,Tidak Sehat,Sedang
2024-08-30,kebun jeruk,120.25,104.97397,15.2760315,15.2760315,Tidak Sehat,Tidak Sehat
2024-08-31,kebun jeruk,83.583336,107.14169,-23.558357,23.558357,Sedang,Tidak Sehat
2024-09-01,kebun jeruk,89.375,79.42964,9.945358,9.945358,Sedang,Sedang
2024-09-02,kebun jeruk,86.041664,87.90194,-1.8602753,1.8602753,Sedang,Sedang
2024-09-03,kebun jeruk,89.708336,86.40435,3.3039856,3.3039856,Sedang,Sedang
2024-09-04,kebun jeruk,85.333336,86.68517,-1.3518372,1.3518372,Sedang,Sedang
2024-09-05,kebun jeruk,80.958336,81.79944,-0.8411026,0.8411026,Sedang,Sedang
2024-09-06,kebun jeruk,86.625,80.949554,5.6754456,5.6754456,Sedang,Sedang
2024-09-07,kebun jeruk,79.875,78.292915,1.5820847,1.5820847,Sedang,Sedang
2024-09-08,kebun jeruk,79.75,69.73913,10.010872,10.010872,Sedang,Sedang
2024-09-09,kebun jeruk,67.458336,69.68644,-2.2281036,2.2281036,Sedang,Sedang
2024-09-10,kebun jeruk,76.375,65.74991,10.625092,10.625092,Sedang,Sedang
2024-09-11,kebun jeruk,68.958336,76.524826,-7.56649,7.56649,Sedang,Sedang
2024-09-12,kebun jeruk,92.625,71.06303,21.561974,21.561974,Sedang,Sedang
2024-09-13,kebun jeruk,88.666664,93.26555,-4.5988846,4.5988846,Sedang,Sedang
2024-09-14,kebun jeruk,87.916664,84.91848,2.9981842,2.9981842,Sedang,Sedang
2024-09-15,kebun jeruk,84.708336,85.163574,-0.45523834,0.45523834,Sedang,Sedang
2024-09-16,kebun jeruk,91.625,82.772675,8.852325,8.852325,Sedang,Sedang
2024-09-17,kebun jeruk,87.958336,82.95141,5.0069275,5.0069275,Sedang,Sedang
2024-09-18,kebun jeruk,80.25,85.57884,-5.328842,5.328842,Sedang,Sedang
2024-09-19,kebun jeruk,69.0,85.6846,-16.6846,16.6846,Sedang,Sedang
2024-09-20,kebun jeruk,79.75,77.55444,2.1955566,2.1955566,Sedang,Sedang
2024-09-21,kebun jeruk,94.125,80.42832,13.696678,13.696678,Sedang,Sedang
2024-09-22,kebun jeruk,69.0,89.67016,-20.670158,20.670158,Sedang,Sedang
2024-09-23,kebun jeruk,86.125,68.190254,17.934746,17.934746,Sedang,Sedang
2024-09-24,kebun jeruk,85.833336,72.909134,12.924202,12.924202,Sedang,Sedang
2024-09-25,kebun jeruk,103.291664,77.75908,25.532585,25.532585,Tidak Sehat,Sedang
2024-09-26,kebun jeruk,84.583336,84.420944,0.16239166,0.16239166,Sedang,Sedang
2024-09-27,kebun jeruk,81.458336,81.64434,-0.18600464,0.18600464,Sedang,Sedang
2024-09-28,kebun jeruk,95.916664,77.639656,18.277008,18.277008,Sedang,Sedang
2024-09-29,kebun jeruk,69.0,84.22454,-15.224541,15.224541,Sedang,Sedang
2024-09-30,kebun jeruk,72.041664,74.35981,-2.3181458,2.3181458,Sedang,Sedang
2024-10-01,kebun jeruk,97.291664,76.36837,20.923294,20.923294,Sedang,Sedang
2024-10-02,kebun jeruk,94.5,93.07901,1.42099,1.42099,Sedang,Sedang
2024-10-03,kebun jeruk,92.5,90.97441,1.525589,1.525589,Sedang,Sedang
2024-10-04,kebun jeruk,94.916664,87.30487,7.6117935,7.6117935,Sedang,Sedang
2024-10-05,kebun jeruk,82.916664,80.7235,2.193161,2.193161,Sedang,Sedang
2024-10-06,kebun jeruk,78.708336,83.78306,-5.0747223,5.0747223,Sedang,Sedang
2024-10-07,kebun jeruk,114.208336,73.50591,40.702423,40.702423,Tidak Sehat,Sedang
2024-10-08,kebun jeruk,88.916664,88.13428,0.7823868,0.7823868,Sedang,Sedang
2024-10-09,kebun jeruk,81.25,84.09041,-2.8404083,2.8404083,Sedang,Sedang
2024-10-10,kebun jeruk,70.0,82.78543,-12.785431,12.785431,Sedang,Sedang
2024-10-11,kebun jeruk,69.0,73.69225,-4.692253,4.692253,Sedang,Sedang
2024-10-12,kebun jeruk,69.0,59.158978,9.8410225,9.8410225,Sedang,Sedang
2024-10-13,kebun jeruk,69.0,60.02334,8.976662,8.976662,Sedang,Sedang
2024-10-14,kebun jeruk,69.0,59.83819,9.161812,9.161812,Sedang,Sedang
2024-10-15,kebun jeruk,69.0,74.65239,-5.6523895,5.6523895,Sedang,Sedang
2024-10-16,kebun jeruk,69.0,67.5729,1.4271011,1.4271011,Sedang,Sedang
2024-10-17,kebun jeruk,69.0,73.0837,-4.083702,4.083702,Sedang,Sedang
2024-10-18,kebun jeruk,65.5,73.104225,-7.604225,7.604225,Sedang,Sedang
2024-10-19,kebun jeruk,61.583332,70.13763,-8.554295,8.554295,Sedang,Sedang
2024-10-20,kebun jeruk,69.0,67.48041,1.5195923,1.5195923,Sedang,Sedang
2024-10-21,kebun jeruk,69.0,56.720413,12.279587,12.279587,Sedang,Sedang
2024-10-22,kebun jeruk,78.916664,72.16573,6.750931,6.750931,Sedang,Sedang
2024-10-23,kebun jeruk,87.625,70.11563,17.509369,17.509369,Sedang,Sedang
2024-10-24,kebun jeruk,69.0,80.693794,-11.693794,11.693794,Sedang,Sedang
2024-10-25,kebun jeruk,70.375,64.46708,5.907921,5.907921,Sedang,Sedang
2024-10-26,kebun jeruk,76.166664,73.63643,2.5302353,2.5302353,Sedang,Sedang
2024-10-27,kebun jeruk,70.833336,72.798615,-1.9652786,1.9652786,Sedang,Sedang
2024-10-28,kebun jeruk,71.083336,72.69221,-1.6088715,1.6088715,Sedang,Sedang
2024-10-29,kebun jeruk,71.708336,79.88974,-8.181404,8.181404,Sedang,Sedang
2024-10-30,kebun jeruk,69.0,75.38697,-6.3869705,6.3869705,Sedang,Sedang
2024-10-31,kebun jeruk,69.0,70.227776,-1.2277756,1.2277756,Sedang,Sedang
2024-11-01,kebun jeruk,90.625,72.759865,17.865135,17.865135,Sedang,Sedang
2024-11-02,kebun jeruk,97.25,84.95212,12.297882,12.297882,Sedang,Sedang
2024-11-03,kebun jeruk,81.708336,77.71315,3.9951859,3.9951859,Sedang,Sedang
2024-11-04,kebun jeruk,72.791664,75.60191,-2.8102493,2.8102493,Sedang,Sedang
2024-11-05,kebun jeruk,78.958336,78.02605,0.9322891,0.9322891,Sedang,Sedang
2024-11-06,kebun jeruk,79.208336,71.54213,7.6662064,7.6662064,Sedang,Sedang
2024-11-07,kebun jeruk,99.291664,75.15649,24.135178,24.135178,Sedang,Sedang
2024-11-08,kebun jeruk,110.125,95.11121,15.013786,15.013786,Tidak Sehat,Sedang
2024-11-09,kebun jeruk,34.166668,97.06775,-62.90108,62.90108,Baik,Sedang
2024-11-10,kebun jeruk,69.0,57.560913,11.439087,11.439087,Sedang,Sedang
2024-11-11,kebun jeruk,69.0,61.6505,7.3494987,7.3494987,Sedang,Sedang
2024-11-12,kebun jeruk,67.25,62.596275,4.6537247,4.6537247,Sedang,Sedang
2024-11-13,kebun jeruk,101.5,65.50234,35.997658,35.997658,Tidak Sehat,Sedang
2024-11-14,kebun jeruk,119.416664,93.4493,25.967361,25.967361,Tidak Sehat,Sedang
2024-11-15,kebun jeruk,135.79167,109.47735,26.314323,26.314323,Tidak Sehat,Tidak Sehat
2024-11-16,kebun jeruk,141.83333,112.83461,28.998718,28.998718,Tidak Sehat,Tidak Sehat
2024-11-17,kebun jeruk,152.58333,106.97528,45.608047,45.608047,Tidak Sehat,Tidak Sehat
2024-11-18,kebun jeruk,101.666664,112.55285,-10.886185,10.886185,Tidak Sehat,Tidak Sehat
2024-11-19,kebun jeruk,72.083336,83.589264,-11.505928,11.505928,Sedang,Sedang
2024-11-20,kebun jeruk,52.916668,80.78385,-27.867184,27.867184,Sedang,Sedang
2024-11-21,kebun jeruk,69.0,68.61083,0.3891678,0.3891678,Sedang,Sedang
2024-11-22,kebun jeruk,57.5,77.652954,-20.152954,20.152954,Sedang,Sedang
2024-11-23,kebun jeruk,0.0,61.759014,-61.759014,61.759014,Baik,Sedang
2024-11-24,kebun jeruk,0.0,37.75649,-37.75649,37.75649,Baik,Baik
2024-11-25,kebun jeruk,0.0,23.938366,-23.938366,23.938366,Baik,Baik
2024-11-26,kebun jeruk,45.958332,12.269955,33.688377,33.688377,Baik,Baik
2024-11-27,kebun jeruk,56.5,58.38095,-1.8809509,1.8809509,Sedang,Sedang
2024-11-28,kebun jeruk,41.208332,52.04918,-10.840847,10.840847,Baik,Sedang
2024-11-29,kebun jeruk,42.25,32.280643,9.969357,9.969357,Baik,Baik
2024-11-30,kebun jeruk,25.208334,41.517708,-16.309374,16.309374,Baik,Baik
2024-12-01,kebun jeruk,25.916666,32.740623,-6.8239574,6.8239574,Baik,Baik
2024-12-02,kebun jeruk,22.208334,23.8498,-1.6414661,1.6414661,Baik,Baik
2024-12-03,kebun jeruk,20.708334,17.75122,2.9571133,2.9571133,Baik,Baik
2024-12-04,kebun jeruk,69.0,20.553486,48.446514,48.446514,Sedang,Baik
2024-12-05,kebun jeruk,69.0,55.739838,13.260162,13.260162,Sedang,Sedang
2024-12-06,kebun jeruk,69.0,52.5485,16.4515,16.4515,Sedang,Sedang
2024-12-07,kebun jeruk,69.0,59.98718,9.012821,9.012821,Sedang,Sedang
2024-12-08,kebun jeruk,69.0,67.87132,1.1286774,1.1286774,Sedang,Sedang
2024-12-09,kebun jeruk,69.0,57.562477,11.437523,11.437523,Sedang,Sedang
2024-12-10,kebun jeruk,50.666668,58.71992,-8.053253,8.053253,Sedang,Sedang
2024-12-11,kebun jeruk,20.458334,51.824947,-31.366613,31.366613,Baik,Sedang
2024-12-12,kebun jeruk,24.916666,40.040733,-15.124067,15.124067,Baik,Baik
2024-12-13,kebun jeruk,33.541668,32.819984,0.7216835,0.7216835,Baik,Baik
2024-12-14,kebun jeruk,30.875,32.163837,-1.2888374,1.2888374,Baik,Baik
2024-12-15,kebun jeruk,33.583332,30.212471,3.370861,3.370861,Baik,Baik
2024-12-16,kebun jeruk,34.416668,28.73632,5.6803474,5.6803474,Baik,Baik
2024-12-17,kebun jeruk,37.375,40.019318,-2.6443176,2.6443176,Baik,Baik
2024-12-18,kebun jeruk,30.75,35.714615,-4.964615,4.964615,Baik,Baik
2024-12-19,kebun jeruk,20.791666,37.550682,-16.759016,16.759016,Baik,Baik
2024-12-20,kebun jeruk,33.791668,20.23198,13.559689,13.559689,Baik,Baik
2024-12-21,kebun jeruk,69.0,26.334778,42.665222,42.665222,Sedang,Baik
2024-12-22,kebun jeruk,69.0,66.21594,2.7840576,2.7840576,Sedang,Sedang
2024-12-23,kebun jeruk,69.0,61.908867,7.091133,7.091133,Sedang,Sedang
2024-12-24,kebun jeruk,69.0,61.944168,7.055832,7.055832,Sedang,Sedang
2024-12-25,kebun jeruk,69.0,56.532684,12.467316,12.467316,Sedang,Sedang
2024-12-26,kebun jeruk,69.0,62.75036,6.2496414,6.2496414,Sedang,Sedang
2024-12-27,kebun jeruk,58.291668,64.40948,-6.1178093,6.1178093,Sedang,Sedang
2024-12-28,kebun jeruk,69.0,65.79809,3.201912,3.201912,Sedang,Sedang
2024-12-29,kebun jeruk,69.0,68.49568,0.50431824,0.50431824,Sedang,Sedang
2024-12-30,kebun jeruk,69.0,62.55028,6.4497185,6.4497185,Sedang,Sedang
2024-12-31,kebun jeruk,41.333332,57.41121,-16.077877,16.077877,Baik,Sedang
2024-07-20,kelapa gading,88.125,86.81562,1.3093796,1.3093796,Sedang,Sedang
2024-07-21,kelapa gading,87.958336,90.034706,-2.0763702,2.0763702,Sedang,Sedang
2024-07-22,kelapa gading,64.416664,87.93305,-23.516388,23.516388,Sedang,Sedang
2024-07-23,kelapa gading,51.625,77.11912,-25.494118,25.494118,Sedang,Sedang
2024-07-24,kelapa gading,110.333336,68.99878,41.334557,41.334557,Tidak Sehat,Sedang
2024-07-25,kelapa gading,98.291664,101.98466,-3.6929932,3.6929932,Sedang,Tidak Sehat
2024-07-26,kelapa gading,89.208336,88.93767,0.27066803,0.27066803,Sedang,Sedang
2024-07-27,kelapa gading,100.875,94.056915,6.8180847,6.8180847,Tidak Sehat,Sedang
2024-07-28,kelapa gading,101.083336,98.04265,3.0406876,3.0406876,Tidak Sehat,Sedang
2024-07-29,kelapa gading,96.875,94.862854,2.012146,2.012146,Sedang,Sedang
2024-07-30,kelapa gading,103.416664,92.690384,10.72628,10.72628,Tidak Sehat,Sedang
2024-07-31,kelapa gading,109.083336,106.57778,2.5055542,2.5055542,Tidak Sehat,Tidak Sehat
2024-08-01,kelapa gading,98.708336,99.9409,-1.2325668,1.2325668,Sedang,Sedang
2024-08-02,kelapa gading,90.0,93.42336,-3.4233627,3.4233627,Sedang,Sedang
2024-08-03,kelapa gading,72.875,86.019745,-13.144745,13.144745,Sedang,Sedang
2024-08-04,kelapa gading,78.625,76.50105,2.1239471,2.1239471,Sedang,Sedang
2024-08-05,kelapa gading,81.291664,81.49282,-0.20115662,0.20115662,Sedang,Sedang
2024-08-06,kelapa gading,80.375,79.839325,0.53567505,0.53567505,Sedang,Sedang
2024-08-07,kelapa gading,54.0,82.37836,-28.378357,28.378357,Sedang,Sedang
2024-08-08,kelapa gading,108.458336,71.94273,36.515602,36.515602,Tidak Sehat,Sedang
2024-08-09,kelapa gading,95.125,101.43579,-6.310791,6.310791,Sedang,Tidak Sehat
2024-08-10,kelapa gading,87.166664,85.00079,2.1658707,2.1658707,Sedang,Sedang
2024-08-11,kelapa gading,79.416664,85.93785,-6.521187,6.521187,Sedang,Sedang
2024-08-12,kelapa gading,82.666664,82.38002,0.28664398,0.28664398,Sedang,Sedang
2024-08-13,kelapa gading,96.125,85.05339,11.0716095,11.0716095,Sedang,Sedang
2024-08-14,kelapa gading,100.208336,91.94529,8.263046,8.263046,Tidak Sehat,Sedang
2024-08-15,kelapa gading,94.333336,98.27269,-3.939354,3.939354,Sedang,Sedang
2024-08-16,kelapa gading,92.708336,96.43423,-3.725891,3.725891,Sedang,Sedang
2024-08-17,kelapa gading,95.0,93.782745,1.2172546,1.2172546,Sedang,Sedang
2024-08-18,kelapa gading,89.625,90.20178,-0.5767822,0.5767822,Sedang,Sedang
2024-08-19,kelapa gading,85.291664,89.74279,-4.451126,4.451126,Sedang,Sedang
2024-08-20,kelapa gading,94.708336,85.2536,9.454735,9.454735,Sedang,Sedang
2024-08-21,kelapa gading,100.833336,96.03642,4.796913,4.796913,Tidak Sehat,Sedang
2024-08-22,kelapa gading,97.375,95.50842,1.8665771,1.8665771,Sedang,Sedang
2024-08-23,kelapa gading,79.666664,89.52751,-9.860847,9.860847,Sedang,Sedang
2024-08-24,kelapa gading,94.458336,85.893265,8.565071,8.565071,Sedang,Sedang
2024-08-25,kelapa gading,96.833336,96.8309,0.0024337769,0.0024337769,Sedang,Sedang
2024-08-26,kelapa gading,83.583336,87.08264,-3.4993057,3.4993057,Sedang,Sedang
2024-08-27,kelapa gading,101.583336,83.15538,18.427956,18.427956,Tidak Sehat,Sedang
2024-08-28,kelapa gading,98.541664,98.90045,-0.35878754,0.35878754,Sedang,Sedang
2024-08-29,kelapa gading,94.041664,96.387024,-2.3453598,2.3453598,Sedang,Sedang
2024-08-30,kelapa gading,98.5,93.26297,5.23703,5.23703,Sedang,Sedang
2024-08-31,kelapa gading,81.166664,96.65829,-15.491623,15.491623,Sedang,Sedang
2024-09-01,kelapa gading,76.125,82.03199,-5.90699,5.90699,Sedang,Sedang
2024-09-02,kelapa gading,83.041664,80.10355,2.9381104,2.9381104,Sedang,Sedang
2024-09-03,kelapa gading,103.333336,84.66431,18.66903,18.66903,Tidak Sehat,Sedang
2024-09-04,kelapa gading,92.583336,97.16899,-4.585655,4.585655,Sedang,Sedang
2024-09-05,kelapa gading,75.75,84.70905,-8.959053,8.959053,Sedang,Sedang
2024-09-06,kelapa gading,80.833336,81.94457,-1.1112366,1.1112366,Sedang,Sedang
2024-09-07,kelapa gading,79.625,81.721985,-2.0969849,2.0969849,Sedang,Sedang
2024-09-08,kelapa gading,78.541664,74.107414,4.43425,4.43425,Sedang,Sedang
2024-09-09,kelapa gading,71.541664,71.88834,-0.3466797,0.3466797,Sedang,Sedang
2024-09-10,kelapa gading,76.166664,69.512436,6.654228,6.654228,Sedang,Sedang
2024-09-11,kelapa gading,68.0,81.99975,-13.999748,13.999748,Sedang,Sedang
2024-09-12,kelapa gading,77.875,70.57622,7.2987823,7.2987823,Sedang,Sedang
2024-09-13,kelapa gading,76.25,83.79281,-7.5428085,7.5428085,Sedang,Sedang
2024-09-14,kelapa gading,85.416664,82.30114,3.1155243,3.1155243,Sedang,Sedang
2024-09-15,kelapa gading,84.375,85.98087,-1.6058731,1.6058731,Sedang,Sedang
2024-09-16,kelapa gading,80.958336,82.50157,-1.5432358,1.5432358,Sedang,Sedang
2024-09-17,kelapa gading,87.0,81.74154,5.258461,5.258461,Sedang,Sedang
2024-09-18,kelapa gading,81.083336,85.65299,-4.5696564,4.5696564,Sedang,Sedang
2024-09-19,kelapa gading,76.0,82.91925,-6.9192505,6.9192505,Sedang,Sedang
2024-09-20,kelapa gading,82.291664,81.82647,0.4651947,0.4651947,Sedang,Sedang
2024-09-21,kelapa gading,44.833332,82.67903,-37.8457,37.8457,Baik,Sedang
2024-09-22,kelapa gading,76.0,62.811928,13.188072,13.188072,Sedang,Sedang
2024-09-23,kelapa gading,83.25,80.53663,2.7133713,2.7133713,Sedang,Sedang
2024-09-24,kelapa gading,75.541664,72.864746,2.676918,2.676918,Sedang,Sedang
2024-09-25,kelapa gading,86.041664,71.606895,14.434769,14.434769,Sedang,Sedang
2024-09-26,kelapa gading,79.041664,75.93723,3.1044312,3.1044312,Sedang,Sedang
2024-09-27,kelapa gading,78.75,79.685005,-0.9350052,0.9350052,Sedang,Sedang
2024-09-28,kelapa gading,73.458336,80.85448,-7.396141,7.396141,Sedang,Sedang
2024-09-29,kelapa gading,76.0,76.38141,-0.3814087,0.3814087,Sedang,Sedang
2024-09-30,kelapa gading,73.666664,80.93788,-7.2712173,7.2712173,Sedang,Sedang
2024-10-01,kelapa gading,81.958336,78.68069,3.277649,3.277649,Sedang,Sedang
2024-10-02,kelapa gading,89.666664,86.35939,3.3072739,3.3072739,Sedang,Sedang
2024-10-03,kelapa gading,93.208336,89.56992,3.6384125,3.6384125,Sedang,Sedang
2024-10-04,kelapa gading,84.75,92.85951,-8.109512,8.109512,Sedang,Sedang
2024-10-05,kelapa gading,81.458336,79.97355,1.484787,1.484787,Sedang,Sedang
2024-10-06,kelapa gading,76.666664,85.56322,-8.896553,8.896553,Sedang,Sedang
2024-10-07,kelapa gading,101.5,78.62453,22.875473,22.875473,Tidak Sehat,Sedang
2024-10-08,kelapa gading,89.25,86.29331,2.956688,2.956688,Sedang,Sedang
2024-10-09,kelapa gading,78.0,89.91182,-11.911819,11.911819,Sedang,Sedang
2024-10-10,kelapa gading,76.083336,84.81582,-8.732483,8.732483,Sedang,Sedang
2024-10-11,kelapa gading,76.0,83.788315,-7.788315,7.788315,Sedang,Sedang
2024-10-12,kelapa gading,76.0,72.97813,3.0218735,3.0218735,Sedang,Sedang
2024-10-13,kelapa gading,76.0,70.71789,5.282112,5.282112,Sedang,Sedang
2024-10-14,kelapa gading,76.0,64.97628,11.02372,11.02372,Sedang,Sedang
2024-10-15,kelapa gading,76.0,80.85599,-4.8559875,4.8559875,Sedang,Sedang
2024-10-16,kelapa gading,76.0,80.45375,-4.4537506,4.4537506,Sedang,Sedang
2024-10-17,kelapa gading,76.0,81.59371,-5.593712,5.593712,Sedang,Sedang
2024-10-18,kelapa gading,78.666664,80.25041,-1.5837479,1.5837479,Sedang,Sedang
2024-10-19,kelapa gading,95.416664,82.581116,12.835548,12.835548,Sedang,Sedang
2024-10-20,kelapa gading,76.0,92.32832,-16.328323,16.328323,Sedang,Sedang
2024-10-21,kelapa gading,76.0,68.001465,7.998535,7.998535,Sedang,Sedang
2024-10-22,kelapa gading,88.458336,86.79471,1.6636276,1.6636276,Sedang,Sedang
2024-10-23,kelapa gading,93.791664,84.366745,9.424919,9.424919,Sedang,Sedang
2024-10-24,kelapa gading,76.0,84.99529,-8.995293,8.995293,Sedang,Sedang
2024-10-25,kelapa gading,75.875,69.68202,6.192978,6.192978,Sedang,Sedang
2024-10-26,kelapa gading,75.875,76.1016,-0.22660065,0.22660065,Sedang,Sedang
2024-10-27,kelapa gading,76.5,78.70261,-2.2026062,2.2026062,Sedang,Sedang
2024-10-28,kelapa gading,77.666664,82.780266,-5.1136017,5.1136017,Sedang,Sedang
2024-10-29,kelapa gading,79.541664,89.577545,-10.035881,10.035881,Sedang,Sedang
2024-10-30,kelapa gading,76.0,87.73628,-11.736282,11.736282,Sedang,Sedang
2024-10-31,kelapa gading,76.0,82.627464,-6.6274643,6.6274643,Sedang,Sedang
2024-11-01,kelapa gading,83.708336,81.04262,2.665718,2.665718,Sedang,Sedang
2024-11-02,kelapa gading,90.625,79.69246,10.932541,10.932541,Sedang,Sedang
2024-11-03,kelapa gading,69.166664,73.371666,-4.205002,4.205002,Sedang,Sedang
2024-11-04,kelapa gading,65.958336,66.1468,-0.1884613,0.1884613,Sedang,Sedang
2024-11-05,kelapa gading,68.416664,77.40675,-8.990089,8.990089,Sedang,Sedang
2024-11-06,kelapa gading,66.25,73.63967,-7.3896713,7.3896713,Sedang,Sedang
2024-11-07,kelapa gading,80.375,71.46904,8.90596,8.90596,Sedang,Sedang
2024-11-08,kelapa gading,91.75,85.08401,6.6659927,6.6659927,Sedang,Sedang
2024-11-09,kelapa gading,95.708336,88.28392,7.4244156,7.4244156,Sedang,Sedang
2024-11-10,kelapa gading,76.0,85.58543,-9.585426,9.585426,Sedang,Sedang
2024-11-11,kelapa gading,76.0,64.55912,11.44088,11.44088,Sedang,Sedang
2024-11-12,kelapa gading,67.458336,66.46305,0.99528503,0.99528503,Sedang,Sedang
2024-11-13,kelapa gading,77.125,76.92567,0.19933319,0.19933319,Sedang,Sedang
2024-11-14,kelapa gading,95.25,81.74495,13.505051,13.505051,Sedang,Sedang
2024-11-15,kelapa gading,111.583336,95.47377,16.109566,16.109566,Tidak Sehat,Sedang
2024-11-16,kelapa gading,113.458336,98.344986,15.11335,15.11335,Tidak Sehat,Sedang
2024-11-17,kelapa gading,129.875,89.942764,39.932236,39.932236,Tidak Sehat,Sedang
2024-11-18,kelapa gading,81.375,105.27089,-23.89589,23.89589,Sedang,Tidak Sehat
2024-11-19,kelapa gading,66.75,76.42465,-9.674652,9.674652,Sedang,Sedang
2024-11-20,kelapa gading,70.208336,77.285194,-7.0768585,7.0768585,Sedang,Sedang
2024-11-21,kelapa gading,76.0,74.08108,1.9189224,1.9189224,Sedang,Sedang
2024-11-22,kelapa gading,72.0,75.86723,-3.8672333,3.8672333,Sedang,Sedang
2024-11-23,kelapa gading,55.5,69.26634,-13.766342,13.766342,Sedang,Sedang
2024-11-24,kelapa gading,51.708332,60.697968,-8.989635,8.989635,Sedang,Sedang
2024-11-25,kelapa gading,47.708332,61.361008,-13.652676,13.652676,Baik,Sedang
2024-11-26,kelapa gading,60.333332,51.559402,8.77393,8.77393,Sedang,Sedang
2024-11-27,kelapa gading,61.083332,69.51161,-8.42828,8.42828,Sedang,Sedang
2024-11-28,kelapa gading,45.958332,63.196075,-17.237743,17.237743,Baik,Sedang
2024-11-29,kelapa gading,53.541668,43.92847,9.613197,9.613197,Sedang,Baik
2024-11-30,kelapa gading,40.125,54.217926,-14.092926,14.092926,Baik,Sedang
2024-12-01,kelapa gading,39.625,48.173603,-8.548603,8.548603,Baik,Baik
2024-12-02,kelapa gading,30.708334,36.711758,-6.0034237,6.0034237,Baik,Baik
2024-12-03,kelapa gading,22.958334,26.818783,-3.8604488,3.8604488,Baik,Baik
2024-12-04,kelapa gading,76.0,25.605694,50.394306,50.394306,Sedang,Baik
2024-12-05,kelapa gading,76.0,64.007256,11.992744,11.992744,Sedang,Sedang
2024-12-06,kelapa gading,76.0,56.100117,19.899883,19.899883,Sedang,Sedang
2024-12-07,kelapa gading,76.0,66.43766,9.56234,9.56234,Sedang,Sedang
2024-12-08,kelapa gading,76.0,71.34731,4.652687,4.652687,Sedang,Sedang
2024-12-09,kelapa gading,76.0,63.695026,12.304974,12.304974,Sedang,Sedang
2024-12-10,kelapa gading,51.333332,62.479324,-11.145992,11.145992,Sedang,Sedang
2024-12-11,kelapa gading,16.416666,58.006996,-41.590332,41.590332,Baik,Sedang
2024-12-12,kelapa gading,34.041668,43.96598,-9.924313,9.924313,Baik,Baik
2024-12-13,kelapa gading,46.458332,41.70587,4.7524605,4.7524605,Baik,Baik
2024-12-14,kelapa gading,51.958332,39.750206,12.208126,12.208126,Sedang,Baik
2024-12-15,kelapa gading,35.166668,37.301605,-2.1349373,2.1349373,Baik,Baik
2024-12-16,kelapa gading,33.333332,34.436638,-1.1033058,1.1033058,Baik,Baik
2024-12-17,kelapa gading,39.666668,43.368847,-3.702179,3.702179,Baik,Baik
2024-12-18,kelapa gading,40.625,47.655563,-7.0305634,7.0305634,Baik,Baik
2024-12-19,kelapa gading,25.833334,46.255615,-20.422281,20.422281,Baik,Baik
2024-12-20,kelapa gading,35.708332,27.63351,8.074821,8.074821,Baik,Baik
2024-12-21,kelapa gading,76.0,32.86675,43.13325,43.13325,Sedang,Baik
2024-12-22,kelapa gading,76.0,72.07938,3.9206238,3.9206238,Sedang,Sedang
2024-12-23,kelapa gading,76.0,69.47909,6.520912,6.520912,Sedang,Sedang
2024-12-24,kelapa gading,76.0,66.485664,9.514336,9.514336,Sedang,Sedang
2024-12-25,kelapa gading,76.0,63.853092,12.146908,12.146908,Sedang,Sedang
2024-12-26,kelapa gading,76.0,67.77747,8.222527,8.222527,Sedang,Sedang
2024-12-27,kelapa gading,60.625,68.670265,-8.045265,8.045265,Sedang,Sedang
2024-12-28,kelapa gading,76.0,67.51572,8.484283,8.484283,Sedang,Sedang
2024-12-29,kelapa gading,76.0,73.07302,2.926979,2.926979,Sedang,Sedang
2024-12-30,kelapa gading,76.0,70.36557,5.63443,5.63443,Sedang,Sedang
2024-12-31,kelapa gading,49.958332,65.55851,-15.600178,15.600178,Baik,Sedang
2024-07-20,lubang buaya,84.333336,84.90477,-0.571434,0.571434,Sedang,Sedang
2024-07-21,lubang buaya,81.041664,87.68277,-6.6411057,6.6411057,Sedang,Sedang
2024-07-22,lubang buaya,80.666664,82.769135,-2.1024704,2.1024704,Sedang,Sedang
2024-07-23,lubang buaya,82.666664,87.9437,-5.2770386,5.2770386,Sedang,Sedang
2024-07-24,lubang buaya,85.291664,90.38603,-5.094368,5.094368,Sedang,Sedang
2024-07-25,lubang buaya,71.833336,91.34148,-19.50814,19.50814,Sedang,Sedang
2024-07-26,lubang buaya,76.125,82.82701,-6.702011,6.702011,Sedang,Sedang
2024-07-27,lubang buaya,89.208336,92.70544,-3.4971008,3.4971008,Sedang,Sedang
2024-07-28,lubang buaya,91.708336,96.58062,-4.872284,4.872284,Sedang,Sedang
2024-07-29,lubang buaya,95.958336,90.97852,4.9798126,4.9798126,Sedang,Sedang
2024-07-30,lubang buaya,93.833336,96.74143,-2.9080963,2.9080963,Sedang,Sedang
2024-07-31,lubang buaya,109.125,105.47223,3.652771,3.652771,Tidak Sehat,Tidak Sehat
2024-08-01,lubang buaya,90.166664,106.6952,-16.528534,16.528534,Sedang,Tidak Sehat
2024-08-02,lubang buaya,74.625,92.74116,-18.116158,18.116158,Sedang,Sedang
2024-08-03,lubang buaya,61.166668,82.751236,-21.584568,21.584568,Sedang,Sedang
2024-08-04,lubang buaya,50.291668,74.249146,-23.957478,23.957478,Sedang,Sedang
2024-08-05,lubang buaya,65.375,71.136604,-5.7616043,5.7616043,Sedang,Sedang
2024-08-06,lubang buaya,74.916664,73.736374,1.1802902,1.1802902,Sedang,Sedang
2024-08-07,lubang buaya,83.458336,83.84444,-0.38610077,0.38610077,Sedang,Sedang
2024-08-08,lubang buaya,97.458336,89.29857,8.159767,8.159767,Sedang,Sedang
2024-08-09,lubang buaya,87.666664,96.89684,-9.230179,9.230179,Sedang,Sedang
2024-08-10,lubang buaya,75.125,83.80405,-8.679047,8.679047,Sedang,Sedang
2024-08-11,lubang buaya,71.458336,83.65494,-12.196602,12.196602,Sedang,Sedang
2024-08-12,lubang buaya,66.208336,82.78297,-16.57463,16.57463,Sedang,Sedang
2024-08-13,lubang buaya,83.208336,78.46021,4.748123,4.748123,Sedang,Sedang
2024-08-14,lubang buaya,85.041664,91.437775,-6.3961105,6.3961105,Sedang,Sedang
2024-08-15,lubang buaya,86.125,96.442215,-10.317215,10.317215,Sedang,Sedang
2024-08-16,lubang buaya,84.208336,97.12852,-12.920181,12.920181,Sedang,Sedang
2024-08-17,lubang buaya,88.083336,92.27276,-4.1894226,4.1894226,Sedang,Sedang
2024-08-18,lubang buaya,90.166664,90.21911,-0.052444458,0.052444458,Sedang,Sedang
2024-08-19,lubang buaya,82.875,95.152435,-12.277435,12.277435,Sedang,Sedang
2024-08-20,lubang buaya,90.708336,90.49014,0.21819305,0.21819305,Sedang,Sedang
2024-08-21,lubang buaya,94.916664,100.87978,-5.9631195,5.9631195,Sedang,Tidak Sehat
2024-08-22,lubang buaya,97.125,99.04039,-1.91539,1.91539,Sedang,Sedang
2024-08-23,lubang buaya,108.291664,95.79201,12.499657,12.499657,Tidak Sehat,Sedang
2024-08-24,lubang buaya,87.583336,110.28424,-22.700905,22.700905,Sedang,Tidak Sehat
2024-08-25,lubang buaya,82.0,96.68929,-14.689293,14.689293,Sedang,Sedang
2024-08-26,lubang buaya,77.125,85.21356,-8.088562,8.088562,Sedang,Sedang
2024-08-27,lubang buaya,82.791664,88.58301,-5.7913437,5.7913437,Sedang,Sedang
2024-08-28,lubang buaya,78.291664,96.8495,-18.557838,18.557838,Sedang,Sedang
2024-08-29,lubang buaya,112.625,92.130745,20.494255,20.494255,Tidak Sehat,Sedang
2024-08-30,lubang buaya,92.208336,110.089386,-17.88105,17.88105,Sedang,Tidak Sehat
2024-08-31,lubang buaya,121.291664,95.09307,26.198593,26.198593,Tidak Sehat,Sedang
2024-09-01,lubang buaya,96.125,109.906,-13.780998,13.780998,Sedang,Tidak Sehat
2024-09-02,lubang buaya,10.375,97.10399,-86.72899,86.72899,Baik,Sedang
2024-09-03,lubang buaya,63.791668,61.761986,2.0296822,2.0296822,Sedang,Sedang
2024-09-04,lubang buaya,74.625,83.223434,-8.598434,8.598434,Sedang,Sedang
2024-09-05,lubang buaya,113.416664,81.63303,31.78363,31.78363,Tidak Sehat,Sedang
2024-09-06,lubang buaya,81.416664,109.70921,-28.29255,28.29255,Sedang,Tidak Sehat
2024-09-07,lubang buaya,86.5,86.47522,0.024780273,0.024780273,Sedang,Sedang
2024-09-08,lubang buaya,91.666664,85.515945,6.1507187,6.1507187,Sedang,Sedang
2024-09-09,lubang buaya,66.25,85.07355,-18.823547,18.823547,Sedang,Sedang
2024-09-10,lubang buaya,59.083332,75.60605,-16.522717,16.522717,Sedang,Sedang
2024-09-11,lubang buaya,50.416668,80.41711,-30.000439,30.000439,Sedang,Sedang
2024-09-12,lubang buaya,61.583332,69.52024,-7.9369087,7.9369087,Sedang,Sedang
2024-09-13,lubang buaya,56.25,80.899765,-24.649765,24.649765,Sedang,Sedang
2024-09-14,lubang buaya,58.791668,75.224594,-16.432926,16.432926,Sedang,Sedang
2024-09-15,lubang buaya,68.166664,71.60299,-3.436325,3.436325,Sedang,Sedang
2024-09-16,lubang buaya,67.791664,73.90565,-6.113983,6.113983,Sedang,Sedang
2024-09-17,lubang buaya,66.833336,73.13519,-6.301857,6.301857,Sedang,Sedang
2024-09-18,lubang buaya,60.583332,75.52512,-14.941792,14.941792,Sedang,Sedang
2024-09-19,lubang buaya,87.0,73.04882,13.9511795,13.9511795,Sedang,Sedang
2024-09-20,lubang buaya,76.375,91.10696,-14.7319565,14.7319565,Sedang,Sedang
2024-09-21,lubang buaya,68.125,79.60016,-11.475159,11.475159,Sedang,Sedang
2024-09-22,lubang buaya,87.0,77.816154,9.1838455,9.1838455,Sedang,Sedang
2024-09-23,lubang buaya,69.291664,92.21881,-22.927147,22.927147,Sedang,Sedang
2024-09-24,lubang buaya,59.125,73.54372,-14.418716,14.418716,Sedang,Sedang
2024-09-25,lubang buaya,60.791668,69.19783,-8.406162,8.406162,Sedang,Sedang
2024-09-26,lubang buaya,54.416668,72.882225,-18.465557,18.465557,Sedang,Sedang
2024-09-27,lubang buaya,51.75,73.34906,-21.59906,21.59906,Sedang,Sedang
2024-09-28,lubang buaya,59.708332,73.08625,-13.377918,13.377918,Sedang,Sedang
2024-09-29,lubang buaya,87.0,69.96422,17.035782,17.035782,Sedang,Sedang
2024-09-30,lubang buaya,76.375,89.38537,-13.010368,13.010368,Sedang,Sedang
2024-10-01,lubang buaya,95.416664,83.53991,11.876755,11.876755,Sedang,Sedang
2024-10-02,lubang buaya,28.958334,99.11225,-70.153915,70.153915,Baik,Sedang
2024-10-03,lubang buaya,73.541664,66.23952,7.302147,7.302147,Sedang,Sedang
2024-10-04,lubang buaya,68.333336,90.482376,-22.14904,22.14904,Sedang,Sedang
2024-10-05,lubang buaya,63.166668,71.41324,-8.246571,8.246571,Sedang,Sedang
2024-10-06,lubang buaya,56.666668,76.744064,-20.077396,20.077396,Sedang,Sedang
2024-10-07,lubang buaya,72.916664,70.918076,1.9985886,1.9985886,Sedang,Sedang
2024-10-08,lubang buaya,64.583336,69.776375,-5.193039,5.193039,Sedang,Sedang
2024-10-09,lubang buaya,60.541668,77.56931,-17.027645,17.027645,Sedang,Sedang
2024-10-10,lubang buaya,84.75,74.0858,10.6642,10.6642,Sedang,Sedang
2024-10-11,lubang buaya,87.0,92.96896,-5.9689636,5.9689636,Sedang,Sedang
2024-10-12,lubang buaya,87.0,80.35809,6.6419067,6.6419067,Sedang,Sedang
2024-10-13,lubang buaya,87.0,82.58626,4.413742,4.413742,Sedang,Sedang
2024-10-14,lubang buaya,87.0,77.48895,9.511047,9.511047,Sedang,Sedang
2024-10-15,lubang buaya,87.0,94.656395,-7.656395,7.656395,Sedang,Sedang
2024-10-16,lubang buaya,87.0,94.23777,-7.23777,7.23777,Sedang,Sedang
2024-10-17,lubang buaya,87.0,93.211105,-6.2111053,6.2111053,Sedang,Sedang
2024-10-18,lubang buaya,68.666664,91.55394,-22.887276,22.887276,Sedang,Sedang
2024-10-19,lubang buaya,67.875,80.56235,-12.687347,12.687347,Sedang,Sedang
2024-10-20,lubang buaya,87.0,82.23058,4.769417,4.769417,Sedang,Sedang
2024-10-21,lubang buaya,87.0,79.75784,7.242157,7.242157,Sedang,Sedang
2024-10-22,lubang buaya,80.0,99.03433,-19.034332,19.034332,Sedang,Sedang
2024-10-23,lubang buaya,59.666668,85.625916,-25.959248,25.959248,Sedang,Sedang
2024-10-24,lubang buaya,87.0,70.60951,16.390488,16.390488,Sedang,Sedang
2024-10-25,lubang buaya,83.0,81.9243,1.0756989,1.0756989,Sedang,Sedang
2024-10-26,lubang buaya,66.291664,85.97163,-19.679962,19.679962,Sedang,Sedang
2024-10-27,lubang buaya,79.5,77.23808,2.261917,2.261917,Sedang,Sedang
2024-10-28,lubang buaya,81.5,85.99947,-4.4994736,4.4994736,Sedang,Sedang
2024-10-29,lubang buaya,82.625,93.76451,-11.139511,11.139511,Sedang,Sedang
2024-10-30,lubang buaya,87.0,91.8422,-4.842201,4.842201,Sedang,Sedang
2024-10-31,lubang buaya,87.0,92.786896,-5.7868958,5.7868958,Sedang,Sedang
2024-11-01,lubang buaya,71.166664,85.8578,-14.691139,14.691139,Sedang,Sedang
2024-11-02,lubang buaya,65.5,75.48011,-9.98011,9.98011,Sedang,Sedang
2024-11-03,lubang buaya,55.166668,65.11703,-9.950359,9.950359,Sedang,Sedang
2024-11-04,lubang buaya,48.75,58.18303,-9.433029,9.433029,Baik,Sedang
2024-11-05,lubang buaya,49.708332,71.32939,-21.62106,21.62106,Baik,Sedang
2024-11-06,lubang buaya,30.375,67.0972,-36.7222,36.7222,Baik,Sedang
2024-11-07,lubang buaya,59.25,51.653645,7.5963554,7.5963554,Sedang,Sedang
2024-11-08,lubang buaya,61.625,69.0345,-7.4095,7.4095,Sedang,Sedang
2024-11-09,lubang buaya,65.75,70.66251,-4.9125137,4.9125137,Sedang,Sedang
2024-11-10,lubang buaya,87.0,66.31602,20.683983,20.683983,Sedang,Sedang
2024-11-11,lubang buaya,87.0,64.797226,22.202774,22.202774,Sedang,Sedang
2024-11-12,lubang buaya,63.958332,70.16088,-6.202549,6.202549,Sedang,Sedang
2024-11-13,lubang buaya,58.25,75.069984,-16.819984,16.819984,Sedang,Sedang
2024-11-14,lubang buaya,63.041668,74.253815,-11.212147,11.212147,Sedang,Sedang
2024-11-15,lubang buaya,64.166664,80.00609,-15.839424,15.839424,Sedang,Sedang
2024-11-16,lubang buaya,58.0,76.540886,-18.540886,18.540886,Sedang,Sedang
2024-11-17,lubang buaya,59.416668,73.336365,-13.919697,13.919697,Sedang,Sedang
2024-11-18,lubang buaya,45.25,73.17362,-27.923622,27.923622,Baik,Sedang
2024-11-19,lubang buaya,49.625,55.07177,-5.4467697,5.4467697,Baik,Sedang
2024-11-20,lubang buaya,47.583332,64.64249,-17.059155,17.059155,Baik,Sedang
2024-11-21,lubang buaya,87.0,58.187138,28.812862,28.812862,Sedang,Sedang
2024-11-22,lubang buaya,80.666664,76.88222,3.7844467,3.7844467,Sedang,Sedang
2024-11-23,lubang buaya,51.916668,70.9219,-19.00523,19.00523,Sedang,Sedang
2024-11-24,lubang buaya,42.5,55.003292,-12.503292,12.503292,Baik,Sedang
2024-11-25,lubang buaya,30.333334,55.877186,-25.543852,25.543852,Baik,Sedang
2024-11-26,lubang buaya,49.416668,42.05058,7.366089,7.366089,Baik,Baik
2024-11-27,lubang buaya,46.333332,64.679306,-18.345974,18.345974,Baik,Sedang
2024-11-28,lubang buaya,26.166666,53.911556,-27.74489,27.74489,Baik,Sedang
2024-11-29,lubang buaya,29.0,30.559319,-1.5593185,1.5593185,Baik,Baik
2024-11-30,lubang buaya,32.5,35.653095,-3.1530952,3.1530952,Baik,Baik
2024-12-01,lubang buaya,30.791666,44.4674,-13.675734,13.675734,Baik,Baik
2024-12-02,lubang buaya,18.916666,29.303062,-10.386396,10.386396,Baik,Baik
2024-12-03,lubang buaya,14.625,20.285492,-5.660492,5.660492,Baik,Baik
2024-12-04,lubang buaya,87.0,18.127384,68.87262,68.87262,Sedang,Baik
2024-12-05,lubang buaya,87.0,66.63725,20.362747,20.362747,Sedang,Sedang
2024-12-06,lubang buaya,87.0,61.857254,25.142746,25.142746,Sedang,Sedang
2024-12-07,lubang buaya,87.0,71.15114,15.848862,15.848862,Sedang,Sedang
2024-12-08,lubang buaya,87.0,80.40252,6.597481,6.597481,Sedang,Sedang
2024-12-09,lubang buaya,87.0,74.057106,12.942894,12.942894,Sedang,Sedang
2024-12-10,lubang buaya,44.791668,75.91254,-31.120869,31.120869,Baik,Sedang
2024-12-11,lubang buaya,9.916667,66.3309,-56.414234,56.414234,Baik,Sedang
2024-12-12,lubang buaya,17.5,49.149437,-31.649437,31.649437,Baik,Baik
2024-12-13,lubang buaya,19.083334,35.700367,-16.617033,16.617033,Baik,Baik
2024-12-14,lubang buaya,20.5,31.3391,-10.8391,10.8391,Baik,Baik
2024-12-15,lubang buaya,18.791666,20.94799,-2.1563244,2.1563244,Baik,Baik
2024-12-16,lubang buaya,18.625,21.634174,-3.0091743,3.0091743,Baik,Baik
2024-12-17,lubang buaya,16.541666,30.223713,-13.682047,13.682047,Baik,Baik
2024-12-18,lubang buaya,27.041666,28.377708,-1.3360424,1.3360424,Baik,Baik
2024-12-19,lubang buaya,20.625,35.535877,-14.910877,14.910877,Baik,Baik
2024-12-20,lubang buaya,20.208334,20.27914,-0.0708065,0.0708065,Baik,Baik
2024-12-21,lubang buaya,87.0,16.778175,70.221825,70.221825,Sedang,Baik
2024-12-22,lubang buaya,87.0,75.97585,11.024147,11.024147,Sedang,Sedang
2024-12-23,lubang buaya,87.0,74.68412,12.31588,12.31588,Sedang,Sedang
2024-12-24,lubang buaya,87.0,71.11158,15.88842,15.88842,Sedang,Sedang
2024-12-25,lubang buaya,87.0,72.30593,14.694069,14.694069,Sedang,Sedang
2024-12-26,lubang buaya,87.0,80.62395,6.376053,6.376053,Sedang,Sedang
2024-12-27,lubang buaya,46.208332,80.05334,-33.845005,33.845005,Baik,Sedang
2024-12-28,lubang buaya,87.0,67.08785,19.912148,19.912148,Sedang,Sedang
2024-12-29,lubang buaya,87.0,86.40332,0.5966797,0.5966797,Sedang,Sedang
2024-12-30,lubang buaya,87.0,84.1905,2.8095016,2.8095016,Sedang,Sedang
2024-12-31,lubang buaya,38.791668,79.92122,-41.12955,41.12955,Baik,Sedang
2024-07-20,us embassy 1,80.07187,74.77623,5.295639,5.295639,Sedang,Sedang
2024-07-21,us embassy 1,82.4641,77.99266,4.471443,4.471443,Sedang,Sedang
2024-07-22,us embassy 1,76.98398,79.00911,-2.0251312,2.0251312,Sedang,Sedang
2024-07-23,us embassy 1,81.38141,77.653275,3.7281342,3.7281342,Sedang,Sedang
2024-07-24,us embassy 1,91.221634,82.6116,8.610031,8.610031,Sedang,Sedang
2024-07-25,us embassy 1,89.04638,86.16108,2.8852997,2.8852997,Sedang,Sedang
2024-07-26,us embassy 1,75.53522,81.99049,-6.4552765,6.4552765,Sedang,Sedang
2024-07-27,us embassy 1,89.15767,78.070435,11.0872345,11.0872345,Sedang,Sedang
2024-07-28,us embassy 1,90.82929,86.13994,4.689354,4.689354,Sedang,Sedang
2024-07-29,us embassy 1,52.337463,84.93941,-32.601944,32.601944,Sedang,Sedang
2024-07-30,us embassy 1,74.87042,63.871277,10.9991455,10.9991455,Sedang,Sedang
2024-07-31,us embassy 1,98.30193,85.02751,13.274422,13.274422,Sedang,Sedang
2024-08-01,us embassy 1,93.646385,92.22131,1.4250717,1.4250717,Sedang,Sedang
2024-08-02,us embassy 1,93.33799,85.62416,7.713829,7.713829,Sedang,Sedang
2024-08-03,us embassy 1,66.588684,81.732216,-15.143532,15.143532,Sedang,Sedang
2024-08-04,us embassy 1,68.09946,67.45575,0.6437073,0.6437073,Sedang,Sedang
2024-08-05,us embassy 1,77.58543,72.529434,5.055992,5.055992,Sedang,Sedang
2024-08-06,us embassy 1,70.719955,76.08695,-5.366997,5.366997,Sedang,Sedang
2024-08-07,us embassy 1,69.54086,72.99166,-3.450798,3.450798,Sedang,Sedang
2024-08-08,us embassy 1,36.66689,72.95557,-36.288677,36.288677,Baik,Sedang
2024-08-09,us embassy 1,39.188087,55.32424,-16.136154,16.136154,Baik,Sedang
2024-08-10,us embassy 1,76.629906,42.94284,33.687065,33.687065,Sedang,Baik
2024-08-11,us embassy 1,72.23079,77.74251,-5.5117188,5.5117188,Sedang,Sedang
2024-08-12,us embassy 1,73.93883,69.5684,4.37043,4.37043,Sedang,Sedang
2024-08-13,us embassy 1,78.88935,75.72458,3.164772,3.164772,Sedang,Sedang
2024-08-14,us embassy 1,89.14213,81.17621,7.9659195,7.9659195,Sedang,Sedang
2024-08-15,us embassy 1,90.12243,88.33375,1.788681,1.788681,Sedang,Sedang
2024-08-16,us embassy 1,89.39176,87.250336,2.141426,2.141426,Sedang,Sedang
2024-08-17,us embassy 1,90.7476,86.47206,4.2755356,4.2755356,Sedang,Sedang
2024-08-18,us embassy 1,82.41926,81.02243,1.3968277,1.3968277,Sedang,Sedang
2024-08-19,us embassy 1,80.33977,81.92674,-1.5869751,1.5869751,Sedang,Sedang
2024-08-20,us embassy 1,86.04641,81.883026,4.1633835,4.1633835,Sedang,Sedang
2024-08-21,us embassy 1,94.5148,88.399994,6.114807,6.114807,Sedang,Sedang
2024-08-22,us embassy 1,91.87456,87.775055,4.0995026,4.0995026,Sedang,Sedang
2024-08-23,us embassy 1,74.60525,81.62857,-7.023323,7.023323,Sedang,Sedang
2024-08-24,us embassy 1,85.85915,74.71545,11.143707,11.143707,Sedang,Sedang
2024-08-25,us embassy 1,97.26171,85.41032,11.851395,11.851395,Sedang,Sedang
2024-08-26,us embassy 1,73.65259,86.38099,-12.728401,12.728401,Sedang,Sedang
2024-08-27,us embassy 1,96.70443,76.549225,20.155205,20.155205,Sedang,Sedang
2024-08-28,us embassy 1,96.29424,91.194405,5.0998383,5.0998383,Sedang,Sedang
2024-08-29,us embassy 1,85.40799,90.99139,-5.583397,5.583397,Sedang,Sedang
2024-08-30,us embassy 1,103.82763,82.2947,21.532928,21.532928,Tidak Sehat,Sedang
2024-08-31,us embassy 1,75.81576,96.34773,-20.531975,20.531975,Sedang,Sedang
2024-09-01,us embassy 1,71.840515,75.924416,-4.0839005,4.0839005,Sedang,Sedang
2024-09-02,us embassy 1,69.9656,75.97646,-6.0108643,6.0108643,Sedang,Sedang
2024-09-03,us embassy 1,74.11677,76.426865,-2.3100967,2.3100967,Sedang,Sedang
2024-09-04,us embassy 1,80.94614,77.91007,3.0360641,3.0360641,Sedang,Sedang
2024-09-05,us embassy 1,64.4188,79.285,-14.866203,14.866203,Sedang,Sedang
2024-09-06,us embassy 1,73.94206,68.877975,5.064087,5.064087,Sedang,Sedang
2024-09-07,us embassy 1,69.71866,75.18612,-5.4674606,5.4674606,Sedang,Sedang
2024-09-08,us embassy 1,67.93977,67.95555,-0.015777588,0.015777588,Sedang,Sedang
2024-09-09,us embassy 1,62.83204,67.70016,-4.8681183,4.8681183,Sedang,Sedang
2024-09-10,us embassy 1,65.0786,67.38387,-2.305275,2.305275,Sedang,Sedang
2024-09-11,us embassy 1,63.50693,74.377556,-10.870625,10.870625,Sedang,Sedang
2024-09-12,us embassy 1,71.93136,66.482056,5.4493027,5.4493027,Sedang,Sedang
2024-09-13,us embassy 1,77.856094,79.92554,-2.0694427,2.0694427,Sedang,Sedang
2024-09-14,us embassy 1,76.365326,76.261086,0.10424042,0.10424042,Sedang,Sedang
2024-09-15,us embassy 1,78.43144,72.34326,6.0881805,6.0881805,Sedang,Sedang
2024-09-16,us embassy 1,74.66939,73.406265,1.2631226,1.2631226,Sedang,Sedang
2024-09-17,us embassy 1,77.78316,70.65912,7.1240387,7.1240387,Sedang,Sedang
2024-09-18,us embassy 1,72.16432,77.688065,-5.5237427,5.5237427,Sedang,Sedang
2024-09-19,us embassy 1,80.67643,76.528915,4.1475143,4.1475143,Sedang,Sedang
2024-09-20,us embassy 1,76.53084,79.786,-3.255165,3.255165,Sedang,Sedang
2024-09-21,us embassy 1,81.673645,71.55421,10.119438,10.119438,Sedang,Sedang
2024-09-22,us embassy 1,97.40961,64.036255,33.373352,33.373352,Sedang,Sedang
2024-09-23,us embassy 1,88.53666,78.245995,10.290665,10.290665,Sedang,Sedang
2024-09-24,us embassy 1,77.43314,72.01063,5.422516,5.422516,Sedang,Sedang
2024-09-25,us embassy 1,84.392456,70.50599,13.886467,13.886467,Sedang,Sedang
2024-09-26,us embassy 1,74.79829,72.996475,1.8018112,1.8018112,Sedang,Sedang
2024-09-27,us embassy 1,75.69753,71.08343,4.614105,4.614105,Sedang,Sedang
2024-09-28,us embassy 1,71.835434,76.48149,-4.646057,4.646057,Sedang,Sedang
2024-09-29,us embassy 1,83.60773,75.5541,8.053627,8.053627,Sedang,Sedang
2024-09-30,us embassy 1,73.797935,81.342445,-7.54451,7.54451,Sedang,Sedang
2024-10-01,us embassy 1,77.73305,76.96278,0.7702637,0.7702637,Sedang,Sedang
2024-10-02,us embassy 1,88.72619,82.91524,5.810951,5.810951,Sedang,Sedang
2024-10-03,us embassy 1,84.02366,88.96915,-4.945488,4.945488,Sedang,Sedang
2024-10-04,us embassy 1,82.45409,81.361824,1.0922623,1.0922623,Sedang,Sedang
2024-10-05,us embassy 1,76.13932,75.66049,0.47882843,0.47882843,Sedang,Sedang
2024-10-06,us embassy 1,72.93349,82.32341,-9.389923,9.389923,Sedang,Sedang
2024-10-07,us embassy 1,94.88337,68.77959,26.103783,26.103783,Sedang,Sedang
2024-10-08,us embassy 1,80.964935,74.564575,6.40036,6.40036,Sedang,Sedang
2024-10-09,us embassy 1,71.68236,79.93834,-8.255981,8.255981,Sedang,Sedang
2024-10-10,us embassy 1,79.366325,74.80886,4.5574646,4.5574646,Sedang,Sedang
2024-10-11,us embassy 1,84.10725,78.50349,5.60376,5.60376,Sedang,Sedang
2024-10-12,us embassy 1,72.36261,70.082405,2.2802048,2.2802048,Sedang,Sedang
2024-10-13,us embassy 1,81.110306,61.34661,19.763695,19.763695,Sedang,Sedang
2024-10-14,us embassy 1,88.681206,65.95596,22.725243,22.725243,Sedang,Sedang
2024-10-15,us embassy 1,70.17892,85.93151,-15.752594,15.752594,Sedang,Sedang
2024-10-16,us embassy 1,35.036236,71.02631,-35.990078,35.990078,Baik,Sedang
2024-10-17,us embassy 1,78.108345,56.00725,22.101093,22.101093,Sedang,Sedang
2024-10-18,us embassy 1,64.291504,86.25803,-21.96653,21.96653,Sedang,Sedang
2024-10-19,us embassy 1,83.45332,70.30662,13.146706,13.146706,Sedang,Sedang
2024-10-20,us embassy 1,80.4045,82.60391,-2.1994095,2.1994095,Sedang,Sedang
2024-10-21,us embassy 1,59.680424,64.499344,-4.81892,4.81892,Sedang,Sedang
2024-10-22,us embassy 1,85.86576,68.262024,17.603737,17.603737,Sedang,Sedang
2024-10-23,us embassy 1,82.16992,78.426956,3.7429657,3.7429657,Sedang,Sedang
2024-10-24,us embassy 1,70.691414,75.74225,-5.0508347,5.0508347,Sedang,Sedang
2024-10-25,us embassy 1,71.41998,65.24981,6.1701736,6.1701736,Sedang,Sedang
2024-10-26,us embassy 1,74.467674,76.35739,-1.8897171,1.8897171,Sedang,Sedang
2024-10-27,us embassy 1,67.48749,74.638756,-7.151268,7.151268,Sedang,Sedang
2024-10-28,us embassy 1,75.020996,71.83985,3.1811447,3.1811447,Sedang,Sedang
2024-10-29,us embassy 1,76.91688,81.88344,-4.9665604,4.9665604,Sedang,Sedang
2024-10-30,us embassy 1,82.792984,76.95637,5.8366165,5.8366165,Sedang,Sedang
2024-10-31,us embassy 1,81.921,78.77617,3.1448288,3.1448288,Sedang,Sedang
2024-11-01,us embassy 1,84.42652,78.05592,6.370598,6.370598,Sedang,Sedang
2024-11-02,us embassy 1,88.759026,77.37248,11.386543,11.386543,Sedang,Sedang
2024-11-03,us embassy 1,71.4465,72.13239,-0.6858902,0.6858902,Sedang,Sedang
2024-11-04,us embassy 1,67.99399,69.75219,-1.7582016,1.7582016,Sedang,Sedang
2024-11-05,us embassy 1,59.662224,78.522385,-18.86016,18.86016,Sedang,Sedang
2024-11-06,us embassy 1,62.272583,65.06769,-2.795105,2.795105,Sedang,Sedang
2024-11-07,us embassy 1,69.527885,64.630806,4.8970795,4.8970795,Sedang,Sedang
2024-11-08,us embassy 1,86.48318,75.72051,10.762665,10.762665,Sedang,Sedang
2024-11-09,us embassy 1,95.33494,84.673874,10.661064,10.661064,Sedang,Sedang
2024-11-10,us embassy 1,82.68395,82.63883,0.04512024,0.04512024,Sedang,Sedang
2024-11-11,us embassy 1,72.43934,62.87528,9.56406,9.56406,Sedang,Sedang
2024-11-12,us embassy 1,47.81884,66.42328,-18.604439,18.604439,Baik,Sedang
2024-11-13,us embassy 1,69.54086,62.13922,7.401642,7.401642,Sedang,Sedang
2024-11-14,us embassy 1,69.54086,70.78525,-1.2443848,1.2443848,Sedang,Sedang
2024-11-15,us embassy 1,69.54086,76.73247,-7.1916046,7.1916046,Sedang,Sedang
2024-11-16,us embassy 1,69.54086,74.34695,-4.8060837,4.8060837,Sedang,Sedang
2024-11-17,us embassy 1,69.54086,71.90075,-2.3598862,2.3598862,Sedang,Sedang
2024-11-18,us embassy 1,69.54086,74.9793,-5.4384384,5.4384384,Sedang,Sedang
2024-11-19,us embassy 1,69.54086,67.04831,2.4925537,2.4925537,Sedang,Sedang
2024-11-20,us embassy 1,58.070652,71.085175,-13.014523,13.014523,Sedang,Sedang
2024-11-21,us embassy 1,68.54356,62.621597,5.921959,5.921959,Sedang,Sedang
2024-11-22,us embassy 1,58.13697,69.3827,-11.245728,11.245728,Sedang,Sedang
2024-11-23,us embassy 1,51.38232,57.567234,-6.1849136,6.1849136,Sedang,Sedang
2024-11-24,us embassy 1,53.27102,53.485855,-0.21483612,0.21483612,Sedang,Sedang
2024-11-25,us embassy 1,45.044273,60.85726,-15.812988,15.812988,Baik,Sedang
2024-11-26,us embassy 1,66.23334,49.721684,16.511654,16.511654,Sedang,Baik
2024-11-27,us embassy 1,63.72966,72.03746,-8.3078,8.3078,Sedang,Sedang
2024-11-28,us embassy 1,51.959076,61.40838,-9.449303,9.449303,Sedang,Sedang
2024-11-29,us embassy 1,46.985,45.904152,1.0808487,1.0808487,Baik,Baik
2024-11-30,us embassy 1,34.67688,51.920036,-17.243156,17.243156,Baik,Sedang
2024-12-01,us embassy 1,42.125,43.4769,-1.3518982,1.3518982,Baik,Baik
2024-12-02,us embassy 1,29.126959,39.45304,-10.326082,10.326082,Baik,Baik
2024-12-03,us embassy 1,19.284805,29.121223,-9.836418,9.836418,Baik,Baik
2024-12-04,us embassy 1,24.269766,25.59468,-1.3249149,1.3249149,Baik,Baik
2024-12-05,us embassy 1,26.71264,33.10448,-6.39184,6.39184,Baik,Baik
2024-12-06,us embassy 1,41.336388,29.751244,11.585144,11.585144,Baik,Baik
2024-12-07,us embassy 1,70.69837,39.08732,31.611053,31.611053,Sedang,Baik
2024-12-08,us embassy 1,77.62321,61.962852,15.660355,15.660355,Sedang,Sedang
2024-12-09,us embassy 1,56.82888,60.15257,-3.3236885,3.3236885,Sedang,Sedang
2024-12-10,us embassy 1,55.89877,53.70693,2.1918411,2.1918411,Sedang,Sedang
2024-12-11,us embassy 1,28.905695,52.122173,-23.216478,23.216478,Baik,Sedang
2024-12-12,us embassy 1,42.188576,43.91291,-1.7243347,1.7243347,Baik,Baik
2024-12-13,us embassy 1,39.942707,42.840797,-2.8980904,2.8980904,Baik,Baik
2024-12-14,us embassy 1,47.731388,41.485817,6.245571,6.245571,Baik,Baik
2024-12-15,us embassy 1,34.29266,41.12176,-6.8291016,6.8291016,Baik,Baik
2024-12-16,us embassy 1,65.09891,35.80501,29.293896,29.293896,Sedang,Baik
2024-12-17,us embassy 1,44.92412,67.51283,-22.58871,22.58871,Baik,Sedang
2024-12-18,us embassy 1,41.726788,48.359703,-6.6329155,6.6329155,Baik,Baik
2024-12-19,us embassy 1,20.253923,48.60048,-28.346556,28.346556,Baik,Baik
2024-12-20,us embassy 1,41.17394,29.779118,11.394821,11.394821,Baik,Baik
2024-12-21,us embassy 1,50.51507,34.78525,15.72982,15.72982,Sedang,Baik
2024-12-22,us embassy 1,51.338688,54.60749,-3.2688026,3.2688026,Sedang,Sedang
2024-12-23,us embassy 1,46.431793,55.123764,-8.691971,8.691971,Baik,Sedang
2024-12-24,us embassy 1,62.582756,49.14018,13.442577,13.442577,Sedang,Baik
2024-12-25,us embassy 1,53.527935,54.055885,-0.5279503,0.5279503,Sedang,Sedang
2024-12-26,us embassy 1,56.81627,55.54586,1.2704086,1.2704086,Sedang,Sedang
2024-12-27,us embassy 1,55.361073,56.748024,-1.3869514,1.3869514,Sedang,Sedang
2024-12-28,us embassy 1,67.08132,61.83411,5.2472115,5.2472115,Sedang,Sedang
2024-12-29,us embassy 1,62.00449,67.70397,-5.699482,5.699482,Sedang,Sedang
2024-12-30,us embassy 1,53.755123,58.540565,-4.7854424,4.7854424,Sedang,Sedang
2024-12-31,us embassy 1,36.754917,49.18119,-12.426273,12.426273,Baik,Baik
2024-07-20,us embassy 2,87.548615,88.2166,-0.667984,0.667984,Sedang,Sedang
2024-07-21,us embassy 2,78.03021,84.95977,-6.929558,6.929558,Sedang,Sedang
2024-07-22,us embassy 2,76.63628,78.34815,-1.7118759,1.7118759,Sedang,Sedang
2024-07-23,us embassy 2,76.63628,80.46289,-3.8266144,3.8266144,Sedang,Sedang
2024-07-24,us embassy 2,76.63628,80.84029,-4.20401,4.20401,Sedang,Sedang
2024-07-25,us embassy 2,76.63628,78.84289,-2.2066116,2.2066116,Sedang,Sedang
2024-07-26,us embassy 2,76.63628,78.24928,-1.6130066,1.6130066,Sedang,Sedang
2024-07-27,us embassy 2,76.63628,85.02082,-8.384544,8.384544,Sedang,Sedang
2024-07-28,us embassy 2,76.63628,80.775215,-4.138939,4.138939,Sedang,Sedang
2024-07-29,us embassy 2,76.63628,79.951385,-3.3151093,3.3151093,Sedang,Sedang
2024-07-30,us embassy 2,76.63628,78.32365,-1.6873703,1.6873703,Sedang,Sedang
2024-07-31,us embassy 2,76.63628,86.01916,-9.382881,9.382881,Sedang,Sedang
2024-08-01,us embassy 2,76.63628,78.86983,-2.233551,2.233551,Sedang,Sedang
2024-08-02,us embassy 2,76.63628,77.39747,-0.7611923,0.7611923,Sedang,Sedang
2024-08-03,us embassy 2,76.63628,71.371056,5.2652206,5.2652206,Sedang,Sedang
2024-08-04,us embassy 2,76.63628,72.298615,4.3376617,4.3376617,Sedang,Sedang
2024-08-05,us embassy 2,76.63628,76.601715,0.034561157,0.034561157,Sedang,Sedang
2024-08-06,us embassy 2,76.63628,74.32881,2.3074646,2.3074646,Sedang,Sedang
2024-08-07,us embassy 2,52.889736,79.26776,-26.378025,26.378025,Sedang,Sedang
2024-08-08,us embassy 2,99.40338,71.35299,28.050392,28.050392,Sedang,Sedang
2024-08-09,us embassy 2,100.52838,94.89331,5.635071,5.635071,Tidak Sehat,Sedang
2024-08-10,us embassy 2,81.83138,86.19765,-4.3662643,4.3662643,Sedang,Sedang
2024-08-11,us embassy 2,82.22615,81.30849,0.9176636,0.9176636,Sedang,Sedang
2024-08-12,us embassy 2,82.11282,80.68781,1.4250107,1.4250107,Sedang,Sedang
2024-08-13,us embassy 2,88.32579,85.71061,2.615181,2.615181,Sedang,Sedang
2024-08-14,us embassy 2,99.374596,89.23691,10.137688,10.137688,Sedang,Sedang
2024-08-15,us embassy 2,101.92297,98.981094,2.9418793,2.9418793,Tidak Sehat,Sedang
2024-08-16,us embassy 2,98.36873,101.81351,-3.4447784,3.4447784,Sedang,Tidak Sehat
2024-08-17,us embassy 2,104.09054,96.03193,8.058609,8.058609,Tidak Sehat,Sedang
2024-08-18,us embassy 2,98.88813,92.72113,6.167,6.167,Sedang,Sedang
2024-08-19,us embassy 2,85.44474,95.07614,-9.631401,9.631401,Sedang,Sedang
2024-08-20,us embassy 2,42.267784,87.5821,-45.314316,45.314316,Baik,Sedang
2024-08-21,us embassy 2,107.77262,72.035355,35.737267,35.737267,Tidak Sehat,Sedang
2024-08-22,us embassy 2,103.10213,102.26194,0.8401871,0.8401871,Tidak Sehat,Tidak Sehat
2024-08-23,us embassy 2,83.33035,90.41893,-7.0885773,7.0885773,Sedang,Sedang
2024-08-24,us embassy 2,97.7638,85.49327,12.270531,12.270531,Sedang,Sedang
2024-08-25,us embassy 2,107.962395,98.62191,9.340485,9.340485,Tidak Sehat,Sedang
2024-08-26,us embassy 2,84.670685,93.981125,-9.31044,9.31044,Sedang,Sedang
2024-08-27,us embassy 2,112.247765,85.78317,26.464592,26.464592,Tidak Sehat,Sedang
2024-08-28,us embassy 2,99.728905,102.37564,-2.6467361,2.6467361,Sedang,Tidak Sehat
2024-08-29,us embassy 2,99.48079,97.35693,2.1238556,2.1238556,Sedang,Sedang
2024-08-30,us embassy 2,112.627365,98.393265,14.2341,14.2341,Tidak Sehat,Sedang
2024-08-31,us embassy 2,83.41465,105.952576,-22.537926,22.537926,Sedang,Tidak Sehat
2024-09-01,us embassy 2,82.12644,82.85173,-0.7252884,0.7252884,Sedang,Sedang
2024-09-02,us embassy 2,83.01023,85.29874,-2.2885056,2.2885056,Sedang,Sedang
2024-09-03,us embassy 2,87.11253,86.84516,0.26737213,0.26737213,Sedang,Sedang
2024-09-04,us embassy 2,88.76298,87.96211,0.8008652,0.8008652,Sedang,Sedang
2024-09-05,us embassy 2,62.635498,84.71202,-22.076523,22.076523,Sedang,Sedang
2024-09-06,us embassy 2,41.179,74.7539,-33.574898,33.574898,Baik,Sedang
2024-09-07,us embassy 2,76.96611,60.527367,16.438744,16.438744,Sedang,Sedang
2024-09-08,us embassy 2,76.308426,72.43015,3.878273,3.878273,Sedang,Sedang
2024-09-09,us embassy 2,71.493645,69.31224,2.181404,2.181404,Sedang,Sedang
2024-09-10,us embassy 2,77.46879,66.18664,11.28215,11.28215,Sedang,Sedang
2024-09-11,us embassy 2,69.97383,80.1189,-10.145065,10.145065,Sedang,Sedang
2024-09-12,us embassy 2,82.132454,72.77905,9.353401,9.353401,Sedang,Sedang
2024-09-13,us embassy 2,90.81626,86.875275,3.9409866,3.9409866,Sedang,Sedang
2024-09-14,us embassy 2,87.96686,89.7036,-1.7367401,1.7367401,Sedang,Sedang
2024-09-15,us embassy 2,83.57146,86.482414,-2.9109573,2.9109573,Sedang,Sedang
2024-09-16,us embassy 2,90.41625,82.9318,7.4844513,7.4844513,Sedang,Sedang
2024-09-17,us embassy 2,89.182816,86.329475,2.8533401,2.8533401,Sedang,Sedang
2024-09-18,us embassy 2,80.521324,87.80134,-7.280014,7.280014,Sedang,Sedang
2024-09-19,us embassy 2,88.59633,86.81428,1.7820511,1.7820511,Sedang,Sedang
2024-09-20,us embassy 2,83.35073,91.140564,-7.789833,7.789833,Sedang,Sedang
2024-09-21,us embassy 2,92.70913,82.80725,9.901878,9.901878,Sedang,Sedang
2024-09-22,us embassy 2,111.15413,92.18332,18.97081,18.97081,Tidak Sehat,Sedang
2024-09-23,us embassy 2,101.877495,99.03711,2.8403854,2.8403854,Tidak Sehat,Sedang
2024-09-24,us embassy 2,92.21758,86.27308,5.944504,5.944504,Sedang,Sedang
2024-09-25,us embassy 2,95.85935,82.783554,13.075798,13.075798,Sedang,Sedang
2024-09-26,us embassy 2,85.60786,82.72714,2.8807144,2.8807144,Sedang,Sedang
2024-09-27,us embassy 2,82.20925,82.162735,0.04651642,0.04651642,Sedang,Sedang
2024-09-28,us embassy 2,88.20287,82.63379,5.569084,5.569084,Sedang,Sedang
2024-09-29,us embassy 2,94.89254,85.03195,9.860588,9.860588,Sedang,Sedang
2024-09-30,us embassy 2,81.145226,90.21499,-9.069763,9.069763,Sedang,Sedang
2024-10-01,us embassy 2,89.56639,85.96954,3.5968475,3.5968475,Sedang,Sedang
2024-10-02,us embassy 2,100.84218,92.25853,8.583649,8.583649,Tidak Sehat,Sedang
2024-10-03,us embassy 2,92.98065,99.120384,-6.1397324,6.1397324,Sedang,Sedang
2024-10-04,us embassy 2,91.12454,92.1623,-1.0377579,1.0377579,Sedang,Sedang
2024-10-05,us embassy 2,82.451324,84.50903,-2.0577087,2.0577087,Sedang,Sedang
2024-10-06,us embassy 2,80.56429,87.35135,-6.787056,6.787056,Sedang,Sedang
2024-10-07,us embassy 2,111.798096,80.255196,31.5429,31.5429,Tidak Sehat,Sedang
2024-10-08,us embassy 2,89.14245,93.87022,-4.727768,4.727768,Sedang,Sedang
2024-10-09,us embassy 2,82.09535,90.555504,-8.460152,8.460152,Sedang,Sedang
2024-10-10,us embassy 2,87.58076,86.094574,1.4861832,1.4861832,Sedang,Sedang
2024-10-11,us embassy 2,94.86736,90.18898,4.678383,4.678383,Sedang,Sedang
2024-10-12,us embassy 2,85.04828,84.89144,0.15683746,0.15683746,Sedang,Sedang
2024-10-13,us embassy 2,100.30637,77.85863,22.447746,22.447746,Tidak Sehat,Sedang
2024-10-14,us embassy 2,108.46671,85.72809,22.738625,22.738625,Tidak Sehat,Sedang
2024-10-15,us embassy 2,89.765564,104.149605,-14.384041,14.384041,Sedang,Tidak Sehat
2024-10-16,us embassy 2,102.46152,89.156265,13.305252,13.305252,Tidak Sehat,Sedang
2024-10-17,us embassy 2,80.277794,100.75111,-20.473312,20.473312,Sedang,Tidak Sehat
2024-10-18,us embassy 2,76.63628,85.97795,-9.341675,9.341675,Sedang,Sedang
2024-10-19,us embassy 2,28.277868,84.25006,-55.97219,55.97219,Baik,Sedang
2024-10-20,us embassy 2,67.56262,59.586437,7.976185,7.976185,Sedang,Sedang
2024-10-21,us embassy 2,70.95769,66.127556,4.8301315,4.8301315,Sedang,Sedang
2024-10-22,us embassy 2,82.52445,82.158165,0.36628723,0.36628723,Sedang,Sedang
2024-10-23,us embassy 2,82.858734,79.569885,3.2888489,3.2888489,Sedang,Sedang
2024-10-24,us embassy 2,74.12978,78.98714,-4.857353,4.857353,Sedang,Sedang
2024-10-25,us embassy 2,78.51719,69.576706,8.940483,8.940483,Sedang,Sedang
2024-10-26,us embassy 2,78.59036,79.96046,-1.3700943,1.3700943,Sedang,Sedang
2024-10-27,us embassy 2,75.26034,78.01663,-2.7562943,2.7562943,Sedang,Sedang
2024-10-28,us embassy 2,81.371056,79.37585,1.9952087,1.9952087,Sedang,Sedang
2024-10-29,us embassy 2,77.35723,88.995285,-11.638054,11.638054,Sedang,Sedang
2024-10-30,us embassy 2,86.317856,81.21499,5.102867,5.102867,Sedang,Sedang
2024-10-31,us embassy 2,83.86717,85.31774,-1.4505692,1.4505692,Sedang,Sedang
2024-11-01,us embassy 2,88.66607,82.581024,6.085045,6.085045,Sedang,Sedang
2024-11-02,us embassy 2,95.53057,83.6704,11.860168,11.860168,Sedang,Sedang
2024-11-03,us embassy 2,78.02238,76.00016,2.0222168,2.0222168,Sedang,Sedang
2024-11-04,us embassy 2,72.261215,74.81532,-2.5541077,2.5541077,Sedang,Sedang
2024-11-05,us embassy 2,67.62272,80.5942,-12.971481,12.971481,Sedang,Sedang
2024-11-06,us embassy 2,70.2876,72.538246,-2.2506485,2.2506485,Sedang,Sedang
2024-11-07,us embassy 2,76.39376,76.259,0.134758,0.134758,Sedang,Sedang
2024-11-08,us embassy 2,93.450294,83.422356,10.027939,10.027939,Sedang,Sedang
2024-11-09,us embassy 2,95.081665,91.80263,3.2790375,3.2790375,Sedang,Sedang
2024-11-10,us embassy 2,80.39279,85.3468,-4.95401,4.95401,Sedang,Sedang
2024-11-11,us embassy 2,78.44597,68.43603,10.009941,10.009941,Sedang,Sedang
2024-11-12,us embassy 2,66.18585,71.1142,-4.9283447,4.9283447,Sedang,Sedang
2024-11-13,us embassy 2,73.724304,76.59066,-2.866356,2.866356,Sedang,Sedang
2024-11-14,us embassy 2,92.47661,82.276024,10.200584,10.200584,Sedang,Sedang
2024-11-15,us embassy 2,98.41213,96.562454,1.849678,1.849678,Sedang,Sedang
2024-11-16,us embassy 2,72.72945,94.560455,-21.831009,21.831009,Sedang,Sedang
2024-11-17,us embassy 2,129.9363,76.10729,53.829002,53.829002,Tidak Sehat,Sedang
2024-11-18,us embassy 2,103.577225,106.9382,-3.3609772,3.3609772,Tidak Sehat,Tidak Sehat
2024-11-19,us embassy 2,79.42982,81.62139,-2.191574,2.191574,Sedang,Sedang
2024-11-20,us embassy 2,76.63628,79.34921,-2.7129364,2.7129364,Sedang,Sedang
2024-11-21,us embassy 2,76.63628,77.064674,-0.42839813,0.42839813,Sedang,Sedang
2024-11-22,us embassy 2,44.765457,78.550865,-33.785408,33.785408,Baik,Sedang
2024-11-23,us embassy 2,55.499146,58.61895,-3.1198044,3.1198044,Sedang,Sedang
2024-11-24,us embassy 2,56.48985,62.37642,-5.88657,5.88657,Sedang,Sedang
2024-11-25,us embassy 2,54.96798,65.35941,-10.391434,10.391434,Sedang,Sedang
2024-11-26,us embassy 2,56.094166,58.20387,-2.109703,2.109703,Sedang,Sedang
2024-11-27,us embassy 2,68.59229,68.72183,-0.12953949,0.12953949,Sedang,Sedang
2024-11-28,us embassy 2,53.59437,68.73025,-15.135876,15.135876,Sedang,Sedang
2024-11-29,us embassy 2,49.516026,51.275105,-1.759079,1.759079,Baik,Sedang
2024-11-30,us embassy 2,41.26695,56.386,-15.119053,15.119053,Baik,Sedang
2024-12-01,us embassy 2,45.482365,50.74364,-5.2612762,5.2612762,Baik,Sedang
2024-12-02,us embassy 2,31.861286,43.80123,-11.939945,11.939945,Baik,Baik
2024-12-03,us embassy 2,26.315912,32.22839,-5.9124775,5.9124775,Baik,Baik
2024-12-04,us embassy 2,28.001638,35.023304,-7.0216656,7.0216656,Baik,Baik
2024-12-05,us embassy 2,28.867687,40.519905,-11.652218,11.652218,Baik,Baik
2024-12-06,us embassy 2,40.76417,36.38785,4.37632,4.37632,Baik,Baik
2024-12-07,us embassy 2,75.60096,44.782646,30.818314,30.818314,Sedang,Baik
2024-12-08,us embassy 2,78.791756,73.41369,5.378067,5.378067,Sedang,Sedang
2024-12-09,us embassy 2,59.98047,64.254166,-4.273697,4.273697,Sedang,Sedang
2024-12-10,us embassy 2,59.780575,58.413815,1.3667603,1.3667603,Sedang,Sedang
2024-12-11,us embassy 2,30.827679,56.870502,-26.042824,26.042824,Baik,Sedang
2024-12-12,us embassy 2,46.304863,49.277428,-2.9725647,2.9725647,Baik,Baik
2024-12-13,us embassy 2,29.322578,48.274452,-18.951874,18.951874,Baik,Baik
2024-12-14,us embassy 2,30.323957,38.191154,-7.867197,7.867197,Baik,Baik
2024-12-15,us embassy 2,20.521196,35.23178,-14.710585,14.710585,Baik,Baik
2024-12-16,us embassy 2,29.320103,29.28722,0.03288269,0.03288269,Baik,Baik
2024-12-17,us embassy 2,26.980396,41.320015,-14.339619,14.339619,Baik,Baik
2024-12-18,us embassy 2,19.776934,37.098206,-17.321272,17.321272,Baik,Baik
2024-12-19,us embassy 2,38.889343,34.07584,4.8135033,4.8135033,Baik,Baik
2024-12-20,us embassy 2,30.350924,31.749775,-1.3988514,1.3988514,Baik,Baik
2024-12-21,us embassy 2,34.695293,30.43938,4.255913,4.255913,Baik,Baik
2024-12-22,us embassy 2,51.604652,45.850082,5.75457,5.75457,Sedang,Baik
2024-12-23,us embassy 2,55.343792,55.046474,0.2973175,0.2973175,Sedang,Sedang
2024-12-24,us embassy 2,57.585365,53.97136,3.614006,3.614006,Sedang,Sedang
2024-12-25,us embassy 2,38.936577,54.552376,-15.615799,15.615799,Baik,Sedang
2024-12-26,us embassy 2,56.567066,51.425446,5.1416206,5.1416206,Sedang,Sedang
2024-12-27,us embassy 2,54.071934,56.597725,-2.5257912,2.5257912,Sedang,Sedang
2024-12-28,us embassy 2,65.19104,62.424324,2.766716,2.766716,Sedang,Sedang
2024-12-29,us embassy 2,59.208393,66.82352,-7.6151237,7.6151237,Sedang,Sedang
2024-12-30,us embassy 2,55.56846,60.847584,-5.279125,5.279125,Sedang,Sedang
2024-12-31,us embassy 2,24.084076,53.83882,-29.754745,29.754745,Baik,Sedang
