ISPU PM2.5,prediksi_pm25,residual,abs_error,kategori_aktual,kategori_prediksi
82.620316,84.33096,-1.7106476,1.7106476,Sedang,Sedang
80.92914,82.32349,-1.3943481,1.3943481,Sedang,Sedang
87.56307,84.876625,2.6864471,2.6864471,Sedang,Sedang
98.09863,87.90936,10.18927,10.18927,Sedang,Sedang
84.55747,88.507965,-3.9504929,3.9504929,Sedang,Sedang
80.849556,77.66315,3.186409,3.186409,Sedang,Sedang
93.19194,84.25757,8.934372,8.934372,Sedang,Sedang
96.492905,88.46439,8.028511,8.028511,Sedang,Sedang
91.43185,90.065674,1.3661728,1.3661728,Sedang,Sedang
87.31772,85.68389,1.6338272,1.6338272,Sedang,Sedang
100.99712,93.314186,7.6829376,7.6829376,Tidak Sehat,Sedang
99.42413,92.42894,6.9951935,6.9951935,Sedang,Sedang
90.642265,88.89261,1.7496567,1.7496567,Sedang,Sedang
65.91255,81.31414,-15.401588,15.401588,Sedang,Sedang
72.989136,71.05098,1.9381561,1.9381561,Sedang,Sedang
77.72939,78.90118,-1.1717834,1.1717834,Sedang,Sedang
74.666664,79.19012,-4.5234528,4.5234528,Sedang,Sedang
83.87947,80.95642,2.92305,2.92305,Sedang,Sedang
95.437744,86.134796,9.302948,9.302948,Sedang,Sedang
94.04441,87.45694,6.587471,6.587471,Sedang,Sedang
80.71154,77.96953,2.742012,2.742012,Sedang,Sedang
77.31482,77.17425,0.1405716,0.1405716,Sedang,Sedang
78.04878,78.39214,-0.3433609,0.3433609,Sedang,Sedang
85.97228,80.69573,5.2765503,5.2765503,Sedang,Sedang
93.01224,82.77999,10.232246,10.232246,Sedang,Sedang
91.5565,90.68192,0.8745804,0.8745804,Sedang,Sedang
92.05825,90.327255,1.7309952,1.7309952,Sedang,Sedang
93.523575,90.69168,2.831894,2.831894,Sedang,Sedang
90.02398,82.60937,7.414612,7.414612,Sedang,Sedang
86.69395,85.7924,0.9015503,0.9015503,Sedang,Sedang
87.662285,86.307465,1.3548203,1.3548203,Sedang,Sedang
98.088844,91.61027,6.4785767,6.4785767,Sedang,Sedang
90.448616,90.3735,0.07511902,0.07511902,Sedang,Sedang
77.27878,81.51524,-4.2364655,4.2364655,Sedang,Sedang
93.24184,78.765564,14.476273,14.476273,Sedang,Sedang
92.812096,93.53016,-0.71806335,0.71806335,Sedang,Sedang
78.2488,82.293205,-4.044403,4.044403,Sedang,Sedang
104.69396,82.87736,21.816605,21.816605,Tidak Sehat,Sedang
89.52288,93.79141,-4.268532,4.268532,Sedang,Sedang
93.83984,86.661705,7.1781387,7.1781387,Sedang,Sedang
100.348564,89.778915,10.569649,10.569649,Tidak Sehat,Sedang
77.986374,93.803375,-15.817001,15.817001,Sedang,Sedang
72.47109,75.00201,-2.5309143,2.5309143,Sedang,Sedang
71.48417,78.81779,-7.333618,7.333618,Sedang,Sedang
79.12621,81.15309,-2.0268784,2.0268784,Sedang,Sedang
83.175224,83.54655,-0.37132263,0.37132263,Sedang,Sedang
72.93943,78.8592,-5.9197693,5.9197693,Sedang,Sedang
79.582344,78.06183,1.5205154,1.5205154,Sedang,Sedang
75.62459,77.21736,-1.5927734,1.5927734,Sedang,Sedang
80.00017,69.14531,10.854858,10.854858,Sedang,Sedang
69.633415,70.78677,-1.1533585,1.1533585,Sedang,Sedang
68.870384,68.396645,0.47373962,0.47373962,Sedang,Sedang
62.889256,76.226715,-13.33746,13.33746,Sedang,Sedang
80.78869,69.852455,10.9362335,10.9362335,Sedang,Sedang
76.89039,81.05367,-4.1632843,4.1632843,Sedang,Sedang
83.948784,78.57694,5.3718414,5.3718414,Sedang,Sedang
84.55933,81.99301,2.5663223,2.5663223,Sedang,Sedang
83.43679,81.41928,2.0175095,2.0175095,Sedang,Sedang
79.46494,80.97795,-1.5130081,1.5130081,Sedang,Sedang
76.029015,82.768745,-6.739731,6.739731,Sedang,Sedang
83.44276,82.660255,0.7825012,0.7825012,Sedang,Sedang
81.58309,84.13148,-2.5483856,2.5483856,Sedang,Sedang
90.15082,81.87223,8.278587,8.278587,Sedang,Sedang
103.835846,90.00073,13.835114,13.835114,Tidak Sehat,Sedang
90.587296,91.587524,-1.0002289,1.0002289,Sedang,Sedang
78.708786,85.00716,-6.2983704,6.2983704,Sedang,Sedang
86.16783,78.83992,7.3279114,7.3279114,Sedang,Sedang
73.7271,76.808075,-3.0809784,3.0809784,Sedang,Sedang
73.5084,71.83301,1.6753922,1.6753922,Sedang,Sedang
82.43651,69.35884,13.077667,13.077667,Sedang,Sedang
87.3918,74.8713,12.5205,12.5205,Sedang,Sedang
76.05947,80.18617,-4.1267014,4.1267014,Sedang,Sedang
87.511665,76.817215,10.69445,10.69445,Sedang,Sedang
87.88143,87.06533,0.8161011,0.8161011,Sedang,Sedang
74.46526,87.22791,-12.76265,12.76265,Sedang,Sedang
83.73159,81.54244,2.189148,2.189148,Sedang,Sedang
79.22408,79.01308,0.21100616,0.21100616,Sedang,Sedang
75.39473,82.24242,-6.847687,6.847687,Sedang,Sedang
102.09961,76.12814,25.971466,25.971466,Tidak Sehat,Sedang
80.661705,83.76399,-3.1022873,3.1022873,Sedang,Sedang
74.9719,80.17542,-5.2035217,5.2035217,Sedang,Sedang
82.89942,81.74958,1.1498413,1.1498413,Sedang,Sedang
89.965065,84.66907,5.2959976,5.2959976,Sedang,Sedang
79.70655,78.5527,1.1538544,1.1538544,Sedang,Sedang
90.756996,73.407616,17.34938,17.34938,Sedang,Sedang
94.53782,73.28989,21.247932,21.247932,Sedang,Sedang
79.711105,87.22925,-7.5181427,7.5181427,Sedang,Sedang
72.28761,80.44509,-8.157478,8.157478,Sedang,Sedang
77.47541,79.90056,-2.425148,2.425148,Sedang,Sedang
41.380184,80.229614,-38.84943,38.84943,Baik,Sedang
14.16771,66.56472,-52.39701,52.39701,Baik,Sedang
78.05137,52.94809,25.10328,25.10328,Sedang,Sedang
62.756237,63.957993,-1.2017555,1.2017555,Sedang,Sedang
59.23295,70.00067,-10.767723,10.767723,Sedang,Sedang
20.154661,69.71557,-49.560905,49.560905,Baik,Sedang
73.05463,57.021156,16.03347,16.03347,Sedang,Sedang
74.61448,68.73958,5.874901,5.874901,Sedang,Sedang
38.235565,79.93431,-41.698746,41.698746,Baik,Sedang
62.945053,56.16272,6.7823334,6.7823334,Sedang,Sedang
77.496216,69.71236,7.7838593,7.7838593,Sedang,Sedang
73.7301,82.73471,-9.004608,9.004608,Sedang,Sedang
84.26226,81.99238,2.2698822,2.2698822,Sedang,Sedang
82.736275,84.3098,-1.5735245,1.5735245,Sedang,Sedang
86.45844,80.41464,6.0438004,6.0438004,Sedang,Sedang
85.837555,80.55786,5.2796936,5.2796936,Sedang,Sedang
72.19478,65.46547,6.729309,6.729309,Sedang,Sedang
62.62584,68.16647,-5.540634,5.540634,Sedang,Sedang
63.629803,80.22273,-16.59293,16.59293,Sedang,Sedang
60.919704,74.04152,-13.121815,13.121815,Sedang,Sedang
75.4379,68.26808,7.169815,7.169815,Sedang,Sedang
85.37719,79.42802,5.949173,5.949173,Sedang,Sedang
95.83132,87.70836,8.122963,8.122963,Sedang,Sedang
81.1047,88.08394,-6.9792404,6.9792404,Sedang,Sedang
74.59173,66.403275,8.188454,8.188454,Sedang,Sedang
57.49523,65.79727,-8.30204,8.30204,Sedang,Sedang
71.48974,65.91466,5.575081,5.575081,Sedang,Sedang
93.137085,72.65836,20.478722,20.478722,Sedang,Sedang
103.03132,88.899,14.132317,14.132317,Tidak Sehat,Sedang
100.76067,94.961655,5.799019,5.799019,Tidak Sehat,Sedang
117.891884,87.3432,30.548683,30.548683,Tidak Sehat,Sedang
79.70742,94.745674,-15.038254,15.038254,Sedang,Sedang
64.207695,79.58971,-15.382011,15.382011,Sedang,Sedang
61.613316,78.82053,-17.207218,17.207218,Sedang,Sedang
67.76566,73.54124,-5.7755737,5.7755737,Sedang,Sedang
53.07211,76.37539,-23.30328,23.30328,Sedang,Sedang
52.370686,62.53277,-10.162083,10.162083,Sedang,Sedang
51.99933,49.44474,2.5545883,2.5545883,Sedang,Baik
44.250694,59.865395,-15.6147,15.6147,Baik,Sedang
54.983532,44.982323,10.001209,10.001209,Sedang,Baik
19.116795,62.503628,-43.386833,43.386833,Baik,Sedang
48.98016,49.72528,-0.745121,0.745121,Baik,Baik
38.4555,47.78082,-9.325317,9.325317,Baik,Baik
39.145348,40.4488,-1.3034515,1.3034515,Baik,Baik
40.492252,52.436653,-11.944401,11.944401,Baik,Sedang
28.207474,34.988186,-6.780712,6.780712,Baik,Baik
17.823902,35.183826,-17.359924,17.359924,Baik,Baik
28.296806,38.28849,-9.991684,9.991684,Baik,Baik
32.10663,43.332527,-11.225899,11.225899,Baik,Baik
40.92492,42.42095,-1.4960327,1.4960327,Baik,Baik
72.45182,45.177437,27.274384,27.274384,Sedang,Baik
78.26402,68.29294,9.971085,9.971085,Sedang,Sedang
58.363537,53.5298,4.8337364,4.8337364,Sedang,Sedang
44.43141,53.98741,-9.556,9.556,Baik,Sedang
14.707368,48.71607,-34.0087,34.0087,Baik,Baik
37.46507,44.65645,-7.1913795,7.1913795,Baik,Baik
40.621265,38.7394,1.8818665,1.8818665,Baik,Baik
38.727165,43.71865,-4.9914856,4.9914856,Baik,Baik
28.934883,36.314972,-7.380089,7.380089,Baik,Baik
31.34745,38.23028,-6.8828316,6.8828316,Baik,Baik
33.580124,47.224846,-13.644722,13.644722,Baik,Baik
34.226982,49.952415,-15.725433,15.725433,Baik,Baik
21.549526,46.92221,-25.372684,25.372684,Baik,Baik
34.697067,39.901062,-5.2039948,5.2039948,Baik,Baik
44.744244,37.355568,7.3886757,7.3886757,Baik,Baik
51.503117,51.161835,0.3412819,0.3412819,Sedang,Sedang
54.39498,49.992065,4.402916,4.402916,Sedang,Baik
61.07045,55.194756,5.8756943,5.8756943,Sedang,Sedang
47.666744,54.988792,-7.322048,7.322048,Baik,Sedang
56.97681,55.668327,1.3084831,1.3084831,Sedang,Sedang
60.69852,52.280838,8.417683,8.417683,Sedang,Sedang
66.11999,62.655087,3.464901,3.464901,Sedang,Sedang
60.91991,63.106598,-2.1866875,2.1866875,Sedang,Sedang
56.22996,55.703953,0.5260086,0.5260086,Sedang,Sedang
33.654175,47.756668,-14.102493,14.102493,Baik,Baik
81.49854,84.18681,-2.6882706,2.6882706,Sedang,Sedang
79.20504,78.79936,0.4056778,0.4056778,Sedang,Sedang
81.17257,83.065315,-1.892746,1.892746,Sedang,Sedang
83.41462,85.84312,-2.4284973,2.4284973,Sedang,Sedang
76.34892,84.79014,-8.4412155,8.4412155,Sedang,Sedang
76.74221,77.3123,-0.57009125,0.57009125,Sedang,Sedang
87.79687,82.73035,5.0665207,5.0665207,Sedang,Sedang
95.38382,84.06425,11.319572,11.319572,Sedang,Sedang
91.217674,87.1636,4.054077,4.054077,Sedang,Sedang
85.12996,82.73262,2.3973389,2.3973389,Sedang,Sedang
100.17959,92.65968,7.519905,7.519905,Tidak Sehat,Sedang
97.294174,91.839676,5.4544983,5.4544983,Sedang,Sedang
78.34869,86.95693,-8.608246,8.608246,Sedang,Sedang
63.068256,75.36244,-12.294186,12.294186,Sedang,Sedang
67.01286,65.39173,1.6211319,1.6211319,Sedang,Sedang
71.58305,77.151054,-5.568001,5.568001,Sedang,Sedang
80.375,73.323875,7.0511246,7.0511246,Sedang,Sedang
86.93886,83.037,3.9018555,3.9018555,Sedang,Sedang
102.800095,87.09523,15.7048645,15.7048645,Tidak Sehat,Sedang
88.7977,90.43936,-1.6416626,1.6416626,Sedang,Sedang
82.35072,73.7998,8.550926,8.550926,Sedang,Sedang
78.6606,77.39656,1.2640381,1.2640381,Sedang,Sedang
73.65033,78.148285,-4.4979553,4.4979553,Sedang,Sedang
89.610016,77.32843,12.281586,12.281586,Sedang,Sedang
94.50549,82.49519,12.0103,12.0103,Sedang,Sedang
96.323654,90.66035,5.663307,5.663307,Sedang,Sedang
91.67866,92.27097,-0.5923157,0.5923157,Sedang,Sedang
102.03,88.501915,13.528084,13.528084,Tidak Sehat,Sedang
99.428185,84.73731,14.690872,14.690872,Sedang,Sedang
89.03623,87.434044,1.6021881,1.6021881,Sedang,Sedang
93.73553,83.36998,10.365547,10.365547,Sedang,Sedang
102.107346,92.8327,9.274643,9.274643,Tidak Sehat,Sedang
92.71523,91.865875,0.8493576,0.8493576,Sedang,Sedang
85.45118,81.25009,4.201088,4.201088,Sedang,Sedang
92.3051,82.04523,10.259872,10.259872,Sedang,Sedang
89.094055,89.67169,-0.5776367,0.5776367,Sedang,Sedang
86.70745,77.5916,9.115852,9.115852,Sedang,Sedang
99.456924,83.67523,15.7816925,15.7816925,Sedang,Sedang
86.40497,91.74629,-5.341324,5.341324,Sedang,Sedang
91.029274,85.46324,5.5660324,5.5660324,Sedang,Sedang
89.487686,87.59041,1.8972778,1.8972778,Sedang,Sedang
73.993645,86.958145,-12.9645,12.9645,Sedang,Sedang
79.35446,70.57167,8.782791,8.782791,Sedang,Sedang
80.57664,77.47561,3.1010284,3.1010284,Sedang,Sedang
74.883606,79.47333,-4.5897217,4.5897217,Sedang,Sedang
72.60407,80.04922,-7.4451447,7.4451447,Sedang,Sedang
69.078514,74.413864,-5.33535,5.33535,Sedang,Sedang
67.44308,73.72934,-6.2862625,6.2862625,Sedang,Sedang
73.58675,68.38552,5.2012253,5.2012253,Sedang,Sedang
69.93189,64.06128,5.870613,5.870613,Sedang,Sedang
61.634277,62.018715,-0.38443756,0.38443756,Sedang,Sedang
56.54643,61.96734,-5.42091,5.42091,Sedang,Sedang
19.624224,68.71293,-49.088707,49.088707,Baik,Sedang
74.408035,59.26461,15.143425,15.143425,Sedang,Sedang
72.67063,76.226974,-3.556343,3.556343,Sedang,Sedang
73.761246,73.390045,0.37120056,0.37120056,Sedang,Sedang
74.41422,74.493774,-0.0795517,0.0795517,Sedang,Sedang
82.270706,72.870964,9.399742,9.399742,Sedang,Sedang
79.020256,76.8065,2.2137527,2.2137527,Sedang,Sedang
69.69568,79.37809,-9.682411,9.682411,Sedang,Sedang
83.3463,78.774796,4.5715027,4.5715027,Sedang,Sedang
80.129875,82.56691,-2.4370346,2.4370346,Sedang,Sedang
84.53226,77.58685,6.945404,6.945404,Sedang,Sedang
105.387115,83.49756,21.889557,21.889557,Tidak Sehat,Sedang
88.20221,88.13432,0.06788635,0.06788635,Sedang,Sedang
79.19119,78.32373,0.86746216,0.86746216,Sedang,Sedang
82.08008,77.031334,5.048744,5.048744,Sedang,Sedang
67.4328,74.089355,-6.656555,6.656555,Sedang,Sedang
68.80453,69.11443,-0.309906,0.309906,Sedang,Sedang
79.07844,66.604454,12.473984,12.473984,Sedang,Sedang
87.91599,67.461464,20.454529,20.454529,Sedang,Sedang
75.06391,72.654884,2.409027,2.409027,Sedang,Sedang
88.16838,72.00172,16.166664,16.166664,Sedang,Sedang
86.457756,82.73345,3.7243042,3.7243042,Sedang,Sedang
81.16754,82.63983,-1.47229,1.47229,Sedang,Sedang
76.83457,80.43548,-3.6009064,3.6009064,Sedang,Sedang
71.15479,71.03218,0.122612,0.122612,Sedang,Sedang
72.04474,75.42688,-3.382141,3.382141,Sedang,Sedang
107.21327,69.44547,37.7678,37.7678,Tidak Sehat,Sedang
77.780235,80.86963,-3.0893936,3.0893936,Sedang,Sedang
76.67394,76.247246,0.42669678,0.42669678,Sedang,Sedang
83.450165,78.12583,5.324333,5.324333,Sedang,Sedang
89.67199,80.651344,9.020645,9.020645,Sedang,Sedang
76.10255,74.54944,1.5531082,1.5531082,Sedang,Sedang
87.49202,67.79948,19.692543,19.692543,Sedang,Sedang
101.49288,67.501785,33.991096,33.991096,Tidak Sehat,Sedang
81.82662,85.06342,-3.2368011,3.2368011,Sedang,Sedang
79.476364,77.69089,1.7854767,1.7854767,Sedang,Sedang
77.15905,78.322556,-1.1635056,1.1635056,Sedang,Sedang
66.53185,76.14134,-9.609489,9.609489,Sedang,Sedang
78.502174,72.878075,5.6240997,5.6240997,Sedang,Sedang
78.34587,80.930725,-2.5848541,2.5848541,Sedang,Sedang
61.334,64.20607,-2.8720703,2.8720703,Sedang,Sedang
79.72452,70.952736,8.771782,8.771782,Sedang,Sedang
73.172874,76.79007,-3.6171951,3.6171951,Sedang,Sedang
72.64661,75.30871,-2.6621017,2.6621017,Sedang,Sedang
74.47323,68.356316,6.116913,6.116913,Sedang,Sedang
69.755,74.16966,-4.414665,4.414665,Sedang,Sedang
71.427315,65.61909,5.8082275,5.8082275,Sedang,Sedang
78.439224,69.67439,8.764832,8.764832,Sedang,Sedang
77.2517,79.82225,-2.570549,2.570549,Sedang,Sedang
83.07928,80.163445,2.9158325,2.9158325,Sedang,Sedang
82.55064,81.67375,0.87688446,0.87688446,Sedang,Sedang
81.269424,76.91879,4.3506317,4.3506317,Sedang,Sedang
82.21523,74.24903,7.966202,7.966202,Sedang,Sedang
69.40947,59.177017,10.232452,10.232452,Sedang,Sedang
61.39923,65.59027,-4.19104,4.19104,Sedang,Sedang
70.040596,72.02899,-1.9883957,1.9883957,Sedang,Sedang
59.085346,70.84674,-11.7613945,11.7613945,Sedang,Sedang
68.908905,68.92455,-0.015647888,0.015647888,Sedang,Sedang
83.33815,73.894875,9.443275,9.443275,Sedang,Sedang
83.95587,82.179756,1.7761154,1.7761154,Sedang,Sedang
81.72446,74.27337,7.451088,7.451088,Sedang,Sedang
75.67971,64.10722,11.572487,11.572487,Sedang,Sedang
61.548035,60.99892,0.5491142,0.5491142,Sedang,Sedang
71.27376,68.1727,3.101059,3.101059,Sedang,Sedang
98.09542,72.760185,25.335236,25.335236,Sedang,Sedang
100.54884,87.595535,12.953308,12.953308,Tidak Sehat,Sedang
86.71462,87.682625,-0.9680023,0.9680023,Sedang,Sedang
92.26861,80.967354,11.301254,11.301254,Sedang,Sedang
70.74492,83.58966,-12.844742,12.844742,Sedang,Sedang
59.083332,74.00623,-14.922901,14.922901,Sedang,Sedang
56.0,73.7638,-17.763802,17.763802,Sedang,Sedang
70.40169,70.65251,-0.25082397,0.25082397,Sedang,Sedang
58.89822,73.081055,-14.182835,14.182835,Sedang,Sedang
60.71638,62.17272,-1.4563408,1.4563408,Sedang,Sedang
55.739323,51.767017,3.9723053,3.9723053,Sedang,Sedang
52.317215,65.495605,-13.1783905,13.1783905,Sedang,Sedang
60.713642,52.210102,8.50354,8.50354,Sedang,Sedang
65.05479,68.47196,-3.4171753,3.4171753,Sedang,Sedang
14.296017,65.37758,-51.081562,51.081562,Baik,Sedang
42.904053,49.325714,-6.4216614,6.4216614,Baik,Baik
63.231575,44.76405,18.467525,18.467525,Sedang,Baik
60.49755,68.72662,-8.229073,8.229073,Sedang,Sedang
47.073845,42.084656,4.989189,4.989189,Baik,Baik
30.415218,40.06446,-9.649242,9.649242,Baik,Baik
29.451584,43.050545,-13.598961,13.598961,Baik,Baik
30.302614,44.708412,-14.405798,14.405798,Baik,Baik
40.92722,43.507866,-2.5806465,2.5806465,Baik,Baik
72.45981,52.175987,20.283821,20.283821,Sedang,Sedang
78.32504,78.21438,0.11066437,0.11066437,Sedang,Sedang
58.36785,51.820152,6.547699,6.547699,Sedang,Sedang
56.82617,51.155754,5.670418,5.670418,Sedang,Sedang
15.210542,50.395462,-35.18492,35.18492,Baik,Sedang
41.00664,48.87452,-7.867878,7.867878,Baik,Baik
45.478794,42.166634,3.3121605,3.3121605,Baik,Baik
43.108387,46.970703,-3.8623161,3.8623161,Baik,Baik
35.787075,32.497665,3.2894096,3.2894096,Baik,Baik
43.6831,41.00741,2.6756935,2.6756935,Baik,Baik
40.94362,53.49561,-12.5519905,12.5519905,Baik,Sedang
56.85468,53.228363,3.626316,3.626316,Sedang,Sedang
33.8529,54.86963,-21.016727,21.016727,Baik,Sedang
36.91248,44.09247,-7.179989,7.179989,Baik,Baik
46.82404,42.4514,4.3726387,4.3726387,Baik,Baik
53.29772,58.328926,-5.031204,5.031204,Sedang,Sedang
50.7783,57.08838,-6.3100777,6.3100777,Sedang,Sedang
62.20912,55.981014,6.2281075,6.2281075,Sedang,Sedang
46.523483,53.861656,-7.338173,7.338173,Baik,Sedang
57.371307,55.05426,2.317047,2.317047,Sedang,Sedang
67.63463,54.391888,13.242741,13.242741,Sedang,Sedang
66.13034,68.98656,-2.8562164,2.8562164,Sedang,Sedang
61.13568,63.51797,-2.38229,2.38229,Sedang,Sedang
55.141716,58.350212,-3.208496,3.208496,Sedang,Sedang
42.3089,46.13625,-3.8273506,3.8273506,Baik,Baik
61.211735,90.60817,-29.396435,29.396435,Sedang,Sedang
67.556915,77.48965,-9.932732,9.932732,Sedang,Sedang
84.36978,84.302155,0.06762695,0.06762695,Sedang,Sedang
92.61287,90.0978,2.515068,2.515068,Sedang,Sedang
84.48957,87.6131,-3.1235275,3.1235275,Sedang,Sedang
84.22749,75.692055,8.535439,8.535439,Sedang,Sedang
91.33101,87.28588,4.045128,4.045128,Sedang,Sedang
97.91637,88.426285,9.490082,9.490082,Sedang,Sedang
93.739235,97.87057,-4.1313324,4.1313324,Sedang,Sedang
94.73398,89.436806,5.2971725,5.2971725,Sedang,Sedang
105.26392,100.9917,4.2722244,4.2722244,Tidak Sehat,Tidak Sehat
101.58478,96.86433,4.7204514,4.7204514,Tidak Sehat,Sedang
95.11626,94.43727,0.6789856,0.6789856,Sedang,Sedang
70.06436,82.28415,-12.219788,12.219788,Sedang,Sedang
78.414955,71.2209,7.1940536,7.1940536,Sedang,Sedang
50.944393,89.33025,-38.38586,38.38586,Sedang,Sedang
78.583336,72.73207,5.851265,5.851265,Sedang,Sedang
88.81833,87.28266,1.5356674,1.5356674,Sedang,Sedang
103.72405,92.875046,10.849007,10.849007,Tidak Sehat,Sedang
100.918495,93.346115,7.57238,7.57238,Tidak Sehat,Sedang
86.299995,83.45315,2.8468475,2.8468475,Sedang,Sedang
85.761086,79.63686,6.124222,6.124222,Sedang,Sedang
84.07852,86.372116,-2.2935944,2.2935944,Sedang,Sedang
96.53763,82.767685,13.769943,13.769943,Sedang,Sedang
106.27151,90.882164,15.389343,15.389343,Tidak Sehat,Sedang
100.46345,100.27778,0.18566895,0.18566895,Tidak Sehat,Tidak Sehat
101.92547,97.73338,4.1920853,4.1920853,Tidak Sehat,Sedang
103.34122,98.09199,5.2492294,5.2492294,Tidak Sehat,Sedang
102.610085,88.03503,14.575058,14.575058,Tidak Sehat,Sedang
94.58967,98.51369,-3.9240189,3.9240189,Sedang,Sedang
99.432045,92.9075,6.524544,6.524544,Sedang,Sedang
113.07177,103.31935,9.7524185,9.7524185,Tidak Sehat,Tidak Sehat
92.68901,99.858765,-7.169754,7.169754,Sedang,Sedang
79.923805,82.32165,-2.3978424,2.3978424,Sedang,Sedang
96.07471,81.22141,14.853294,14.853294,Sedang,Sedang
99.17732,102.28093,-3.1036072,3.1036072,Sedang,Tidak Sehat
96.22845,84.006645,12.221802,12.221802,Sedang,Sedang
113.44406,97.751495,15.692566,15.692566,Tidak Sehat,Sedang
91.19603,97.9645,-6.768471,6.768471,Sedang,Sedang
102.9276,87.61147,15.316124,15.316124,Tidak Sehat,Sedang
117.72009,101.262535,16.457558,16.457558,Tidak Sehat,Tidak Sehat
79.63791,107.04788,-27.409973,27.409973,Sedang,Tidak Sehat
88.650856,75.19792,13.452934,13.452934,Sedang,Sedang
84.171135,92.264046,-8.092911,8.092911,Sedang,Sedang
90.01478,86.03246,3.982315,3.982315,Sedang,Sedang
84.01552,91.288605,-7.2730865,7.2730865,Sedang,Sedang
79.98409,79.86372,0.12036896,0.12036896,Sedang,Sedang
80.9147,82.35168,-1.4369736,1.4369736,Sedang,Sedang
78.353546,75.99719,2.3563538,2.3563538,Sedang,Sedang
78.24056,69.73398,8.506584,8.506584,Sedang,Sedang
67.18589,68.78122,-1.5953293,1.5953293,Sedang,Sedang
75.162605,66.7927,8.369904,8.369904,Sedang,Sedang
68.08625,80.66183,-12.575577,12.575577,Sedang,Sedang
88.36898,69.02505,19.343933,19.343933,Sedang,Sedang
86.153595,87.73768,-1.5840836,1.5840836,Sedang,Sedang
86.18999,81.382866,4.8071213,4.8071213,Sedang,Sedang
84.19343,84.14815,0.045280457,0.045280457,Sedang,Sedang
90.18961,85.78902,4.4005966,4.4005966,Sedang,Sedang
86.89115,84.46518,2.425972,2.425972,Sedang,Sedang
79.418655,85.95987,-6.541214,6.541214,Sedang,Sedang
83.42783,83.35508,0.072753906,0.072753906,Sedang,Sedang
82.074524,85.93948,-3.8649597,3.8649597,Sedang,Sedang
93.10915,83.1889,9.92025,9.92025,Sedang,Sedang
103.17024,98.59446,4.575783,4.575783,Tidak Sehat,Sedang
94.18395,92.30453,1.879425,1.879425,Sedang,Sedang
87.46526,84.91991,2.5453568,2.5453568,Sedang,Sedang
99.520515,83.61647,15.904045,15.904045,Sedang,Sedang
82.24071,85.98259,-3.7418823,3.7418823,Sedang,Sedang
81.16678,76.97981,4.186966,4.186966,Sedang,Sedang
93.8885,75.892075,17.996422,17.996422,Sedang,Sedang
86.69971,81.66238,5.0373306,5.0373306,Sedang,Sedang
77.72762,80.8392,-3.11158,3.11158,Sedang,Sedang
96.0699,77.70344,18.366463,18.366463,Sedang,Sedang
92.37318,95.35254,-2.9793625,2.9793625,Sedang,Sedang
92.788284,87.39773,5.3905563,5.3905563,Sedang,Sedang
92.15634,89.66459,2.4917526,2.4917526,Sedang,Sedang
81.33379,80.382034,0.95175934,0.95175934,Sedang,Sedang
77.89473,82.6277,-4.732971,4.732971,Sedang,Sedang
111.29682,78.53928,32.757538,32.757538,Tidak Sehat,Sedang
84.862526,91.931366,-7.06884,7.06884,Sedang,Sedang
79.784706,80.31912,-0.5344162,0.5344162,Sedang,Sedang
81.94694,83.35223,-1.4052887,1.4052887,Sedang,Sedang
88.13095,83.06885,5.0621033,5.0621033,Sedang,Sedang
79.05321,75.591606,3.4616013,3.4616013,Sedang,Sedang
90.05225,70.12505,19.9272,19.9272,Sedang,Sedang
96.739586,74.76052,21.979065,21.979065,Sedang,Sedang
80.09722,91.973946,-11.876724,11.876724,Sedang,Sedang
74.56489,79.3178,-4.7529144,4.7529144,Sedang,Sedang
75.52737,78.91249,-3.3851242,3.3851242,Sedang,Sedang
63.23231,77.72545,-14.493137,14.493137,Sedang,Sedang
59.67562,75.42673,-15.751106,15.751106,Sedang,Sedang
76.88488,73.93796,2.9469223,2.9469223,Sedang,Sedang
63.122784,57.98648,5.136303,5.136303,Sedang,Sedang
85.72601,69.14939,16.576622,16.576622,Sedang,Sedang
85.58765,78.85618,6.731468,6.731468,Sedang,Sedang
72.494705,78.76755,-6.2728424,6.2728424,Sedang,Sedang
75.57524,71.98631,3.5889282,3.5889282,Sedang,Sedang
74.04067,83.24064,-9.199966,9.199966,Sedang,Sedang
71.30408,73.95122,-2.6471405,2.6471405,Sedang,Sedang
77.18504,77.58913,-0.40408325,0.40408325,Sedang,Sedang
77.014,86.72796,-9.713959,9.713959,Sedang,Sedang
82.41915,86.37216,-3.9530106,3.9530106,Sedang,Sedang
82.84413,83.21641,-0.3722763,0.3722763,Sedang,Sedang
93.17574,80.52435,12.65139,12.65139,Sedang,Sedang
94.432755,83.299446,11.133308,11.133308,Sedang,Sedang
79.1254,68.98536,10.140038,10.140038,Sedang,Sedang
71.72542,76.55538,-4.8299637,4.8299637,Sedang,Sedang
78.054405,79.66307,-1.6086655,1.6086655,Sedang,Sedang
77.246254,77.08673,0.15952301,0.15952301,Sedang,Sedang
91.96519,75.840775,16.124413,16.124413,Sedang,Sedang
107.00482,89.48137,17.523453,17.523453,Tidak Sehat,Sedang
47.425842,98.40608,-50.98024,50.98024,Baik,Sedang
81.635,66.507866,15.127136,15.127136,Sedang,Sedang
74.502686,69.27644,5.226242,5.226242,Sedang,Sedang
62.17445,67.30604,-5.131588,5.131588,Sedang,Sedang
98.61964,66.41172,32.207916,32.207916,Sedang,Sedang
116.52619,84.46614,32.06005,32.06005,Tidak Sehat,Sedang
127.104164,103.911026,23.193138,23.193138,Tidak Sehat,Tidak Sehat
127.74576,106.96827,20.777489,20.777489,Tidak Sehat,Tidak Sehat
147.61821,99.9932,47.625008,47.625008,Tidak Sehat,Sedang
94.62836,111.30081,-16.672455,16.672455,Sedang,Tidak Sehat
71.54102,82.59924,-11.05822,11.05822,Sedang,Sedang
57.988316,84.178894,-26.190578,26.190578,Sedang,Sedang
69.26512,76.58614,-7.321022,7.321022,Sedang,Sedang
51.663364,79.93416,-28.270794,28.270794,Sedang,Sedang
6.3768477,65.85676,-59.47991,59.47991,Baik,Sedang
6.6873274,31.75872,-25.071392,25.071392,Baik,Baik
8.451207,27.513058,-19.061852,19.061852,Baik,Baik
52.804157,15.703125,37.101032,37.101032,Sedang,Baik
59.316383,49.377197,9.939186,9.939186,Sedang,Baik
44.013855,51.66954,-7.6556854,7.6556854,Baik,Sedang
45.46042,41.39241,4.0680084,4.0680084,Baik,Baik
27.314442,37.059536,-9.745094,9.745094,Baik,Baik
29.73613,41.204147,-11.468018,11.468018,Baik,Baik
25.687696,24.95222,0.73547554,0.73547554,Baik,Baik
23.142204,27.823818,-4.681614,4.681614,Baik,Baik
29.708632,34.061207,-4.3525753,4.3525753,Baik,Baik
27.480946,38.21661,-10.735664,10.735664,Baik,Baik
42.227543,35.524235,6.703308,6.703308,Baik,Baik
73.00667,44.079346,28.927322,28.927322,Sedang,Baik
77.42814,75.981674,1.4464645,1.4464645,Sedang,Sedang
58.779488,49.173862,9.605625,9.605625,Sedang,Baik
49.83097,52.999573,-3.168602,3.168602,Baik,Sedang
21.752234,49.32269,-27.570456,27.570456,Baik,Baik
30.33965,42.90149,-12.56184,12.56184,Baik,Baik
33.614006,34.603565,-0.9895592,0.9895592,Baik,Baik
32.69997,37.939835,-5.2398643,5.2398643,Baik,Baik
32.559883,30.481277,2.0786057,2.0786057,Baik,Baik
33.445465,36.24307,-2.7976036,2.7976036,Baik,Baik
37.945602,44.03617,-6.0905685,6.0905685,Baik,Baik
29.319725,46.40106,-17.081333,17.081333,Baik,Baik
22.341326,39.831497,-17.490171,17.490171,Baik,Baik
34.002758,32.982338,1.0204201,1.0204201,Baik,Baik
41.824482,33.020264,8.804218,8.804218,Baik,Baik
51.48391,46.775986,4.707924,4.707924,Sedang,Baik
51.21094,47.442596,3.7683449,3.7683449,Sedang,Baik
61.542896,53.863884,7.6790123,7.6790123,Sedang,Sedang
47.409378,51.18538,-3.776001,3.776001,Baik,Sedang
57.444836,52.606045,4.838791,4.838791,Sedang,Sedang
54.36589,50.28388,4.082012,4.082012,Sedang,Sedang
66.11854,58.870056,7.2484818,7.2484818,Sedang,Sedang
61.519848,64.83058,-3.3107338,3.3107338,Sedang,Sedang
54.623,55.58368,-0.9606781,0.9606781,Sedang,Sedang
28.216011,43.03475,-14.818741,14.818741,Baik,Baik
85.57957,86.805954,-1.226387,1.226387,Sedang,Sedang
64.18041,81.23552,-17.055107,17.055107,Sedang,Sedang
67.653305,79.16118,-11.507874,11.507874,Sedang,Sedang
107.91471,81.35452,26.560188,26.560188,Tidak Sehat,Sedang
93.85633,92.70526,1.1510696,1.1510696,Sedang,Sedang
85.721176,80.62817,5.09301,5.09301,Sedang,Sedang
98.32177,87.065765,11.256004,11.256004,Sedang,Sedang
98.928246,90.84706,8.081184,8.081184,Sedang,Sedang
93.189575,90.506485,2.6830902,2.6830902,Sedang,Sedang
95.45227,87.56027,7.8919983,7.8919983,Sedang,Sedang
107.734215,98.97575,8.758461,8.758461,Tidak Sehat,Sedang
94.441696,96.53929,-2.0975952,2.0975952,Sedang,Sedang
90.38581,89.14928,1.2365341,1.2365341,Sedang,Sedang
71.56485,83.817345,-12.252495,12.252495,Sedang,Sedang
77.37285,72.02231,5.35054,5.35054,Sedang,Sedang
79.80042,80.290596,-0.49017334,0.49017334,Sedang,Sedang
78.99565,78.906334,0.08931732,0.08931732,Sedang,Sedang
67.04058,81.73643,-14.695847,14.695847,Sedang,Sedang
105.48707,80.49129,24.99578,24.99578,Tidak Sehat,Sedang
93.83078,92.5945,1.2362823,1.2362823,Sedang,Sedang
85.45751,76.38589,9.071625,9.071625,Sedang,Sedang
79.24341,78.82058,0.42282867,0.42282867,Sedang,Sedang
82.358025,81.961174,0.3968506,0.3968506,Sedang,Sedang
91.90573,83.59364,8.312088,8.312088,Sedang,Sedang
98.35088,84.90003,13.450851,13.450851,Sedang,Sedang
94.067894,93.04811,1.019783,1.019783,Sedang,Sedang
92.99679,91.63895,1.3578415,1.3578415,Sedang,Sedang
95.073395,89.75928,5.3141174,5.3141174,Sedang,Sedang
89.274185,82.978165,6.2960205,6.2960205,Sedang,Sedang
86.66096,86.45765,0.2033081,0.2033081,Sedang,Sedang
88.17446,86.17391,2.0005493,2.0005493,Sedang,Sedang
99.91561,93.211365,6.7042465,6.7042465,Sedang,Sedang
97.10406,92.3691,4.734955,4.734955,Sedang,Sedang
78.85022,84.47171,-5.6214905,5.6214905,Sedang,Sedang
94.35304,80.816086,13.536957,13.536957,Sedang,Sedang
96.001175,92.895645,3.1055298,3.1055298,Sedang,Sedang
81.988144,82.29314,-0.30499268,0.30499268,Sedang,Sedang
102.172874,83.795204,18.37767,18.37767,Tidak Sehat,Sedang
96.365906,95.3509,1.015007,1.015007,Sedang,Sedang
92.86901,90.802536,2.066475,2.066475,Sedang,Sedang
101.05428,90.42272,10.631561,10.631561,Tidak Sehat,Sedang
79.62443,93.68746,-14.063034,14.063034,Sedang,Sedang
75.34609,73.4843,1.8617935,1.8617935,Sedang,Sedang
82.40701,77.78397,4.6230392,4.6230392,Sedang,Sedang
99.65145,83.65904,15.992409,15.992409,Sedang,Sedang
90.965836,91.11237,-0.14653778,0.14653778,Sedang,Sedang
74.07275,79.09362,-5.020874,5.020874,Sedang,Sedang
76.3445,76.84995,-0.505455,0.505455,Sedang,Sedang
78.54107,74.2675,4.273567,4.273567,Sedang,Sedang
77.57026,68.42938,9.140877,9.140877,Sedang,Sedang
70.64205,68.2196,2.4224548,2.4224548,Sedang,Sedang
75.27103,70.047554,5.2234726,5.2234726,Sedang,Sedang
66.953156,79.648766,-12.69561,12.69561,Sedang,Sedang
77.87479,69.64331,8.231476,8.231476,Sedang,Sedang
76.15455,81.352356,-5.1978073,5.1978073,Sedang,Sedang
84.620575,78.925026,5.695549,5.695549,Sedang,Sedang
82.91671,81.82971,1.086998,1.086998,Sedang,Sedang
81.592026,77.81824,3.7737885,3.7737885,Sedang,Sedang
86.59389,79.13989,7.4539948,7.4539948,Sedang,Sedang
80.04479,83.403366,-3.358574,3.358574,Sedang,Sedang
85.12651,80.75079,4.375717,4.375717,Sedang,Sedang
82.527016,82.43001,0.09700775,0.09700775,Sedang,Sedang
43.447968,78.71529,-35.26732,35.26732,Baik,Sedang
102.80176,62.852966,39.94879,39.94879,Tidak Sehat,Sedang
90.13774,93.960144,-3.822403,3.822403,Sedang,Sedang
78.160065,83.38785,-5.227783,5.227783,Sedang,Sedang
88.7126,79.054276,9.658325,9.658325,Sedang,Sedang
78.735855,75.67216,3.0636978,3.0636978,Sedang,Sedang
78.220924,77.6509,0.5700226,0.5700226,Sedang,Sedang
75.232895,71.33343,3.8994675,3.8994675,Sedang,Sedang
87.35197,69.870056,17.48191,17.48191,Sedang,Sedang
76.894394,79.5894,-2.6950073,2.6950073,Sedang,Sedang
83.23533,75.36064,7.874687,7.874687,Sedang,Sedang
89.91514,86.05935,3.8557892,3.8557892,Sedang,Sedang
92.1244,86.95096,5.173439,5.173439,Sedang,Sedang
84.45878,88.391685,-3.932907,3.932907,Sedang,Sedang
80.66448,79.254326,1.4101562,1.4101562,Sedang,Sedang
76.253075,81.337845,-5.08477,5.08477,Sedang,Sedang
103.40681,76.214355,27.192451,27.192451,Tidak Sehat,Sedang
87.907036,85.03279,2.8742447,2.8742447,Sedang,Sedang
76.47783,82.94129,-6.463463,6.463463,Sedang,Sedang
82.69622,82.26506,0.43115997,0.43115997,Sedang,Sedang
87.98679,84.7744,3.2123947,3.2123947,Sedang,Sedang
79.323494,78.45239,0.8711014,0.8711014,Sedang,Sedang
88.44608,73.39145,15.054634,15.054634,Sedang,Sedang
97.54683,72.342926,25.203903,25.203903,Sedang,Sedang
77.66581,89.63609,-11.9702835,11.9702835,Sedang,Sedang
78.88345,82.3049,-3.4214478,3.4214478,Sedang,Sedang
76.747536,82.04584,-5.2983017,5.2983017,Sedang,Sedang
68.591644,78.25553,-9.663887,9.663887,Sedang,Sedang
92.94431,75.12522,17.819092,17.819092,Sedang,Sedang
78.08597,92.35047,-14.2645035,14.2645035,Sedang,Sedang
63.050472,65.464226,-2.4137535,2.4137535,Sedang,Sedang
89.929,78.47672,11.452278,11.452278,Sedang,Sedang
91.43245,84.51237,6.920082,6.920082,Sedang,Sedang
72.552475,85.03629,-12.483818,12.483818,Sedang,Sedang
73.74337,71.09476,2.648613,2.648613,Sedang,Sedang
72.4538,73.21193,-0.75813293,0.75813293,Sedang,Sedang
71.386536,72.34547,-0.95893097,0.95893097,Sedang,Sedang
77.603165,74.17183,3.4313354,3.4313354,Sedang,Sedang
77.78806,85.5808,-7.79274,7.79274,Sedang,Sedang
84.51939,86.60094,-2.0815506,2.0815506,Sedang,Sedang
82.36852,86.56379,-4.1952667,4.1952667,Sedang,Sedang
86.823494,81.55998,5.2635117,5.2635117,Sedang,Sedang
89.9242,82.82078,7.103424,7.103424,Sedang,Sedang
69.65115,66.30477,3.3463821,3.3463821,Sedang,Sedang
66.803734,65.37796,1.4257736,1.4257736,Sedang,Sedang
68.123856,79.28426,-11.160408,11.160408,Sedang,Sedang
66.207375,75.724754,-9.51738,9.51738,Sedang,Sedang
78.82057,72.2182,6.602371,6.602371,Sedang,Sedang
91.698845,81.2375,10.461342,10.461342,Sedang,Sedang
96.10709,90.62728,5.4798126,5.4798126,Sedang,Sedang
80.99917,88.07178,-7.072609,7.072609,Sedang,Sedang
74.879486,68.64753,6.2319565,6.2319565,Sedang,Sedang
60.64804,68.11926,-7.471222,7.471222,Sedang,Sedang
77.335915,69.72686,7.6090546,7.6090546,Sedang,Sedang
94.22883,77.347664,16.881165,16.881165,Sedang,Sedang
106.71614,90.65645,16.059692,16.059692,Tidak Sehat,Sedang
104.659325,95.38136,9.277962,9.277962,Tidak Sehat,Sedang
128.1157,84.65848,43.45723,43.45723,Tidak Sehat,Sedang
81.04154,102.11113,-21.069588,21.069588,Sedang,Tidak Sehat
68.246735,79.00931,-10.762573,10.762573,Sedang,Sedang
64.73288,80.88019,-16.147308,16.147308,Sedang,Sedang
70.45856,76.244835,-5.786278,5.786278,Sedang,Sedang
59.162384,75.8282,-16.665817,16.665817,Sedang,Sedang
55.611034,67.98236,-12.371326,12.371326,Sedang,Sedang
52.21385,53.24864,-1.03479,1.03479,Sedang,Sedang
48.255512,59.915165,-11.659653,11.659653,Baik,Sedang
61.25237,46.48082,14.771549,14.771549,Sedang,Baik
61.774,65.3627,-3.5887032,3.5887032,Sedang,Sedang
46.325706,64.70938,-18.383675,18.383675,Baik,Sedang
52.541332,51.617817,0.9235153,0.9235153,Sedang,Sedang
38.46989,46.783913,-8.314022,8.314022,Baik,Baik
39.75698,53.936172,-14.179192,14.179192,Baik,Sedang
30.190634,35.999313,-5.8086796,5.8086796,Baik,Baik
22.687246,35.224567,-12.537321,12.537321,Baik,Baik
30.011541,38.677032,-8.665491,8.665491,Baik,Baik
30.069304,43.017742,-12.948439,12.948439,Baik,Baik
42.47155,41.830444,0.64110565,0.64110565,Baik,Baik
72.60375,46.651047,25.952705,25.952705,Sedang,Baik
77.96424,71.370346,6.593895,6.593895,Sedang,Sedang
58.032413,52.82147,5.210945,5.210945,Sedang,Sedang
49.138092,50.39713,-1.259037,1.259037,Baik,Sedang
16.63879,49.314854,-32.676064,32.676064,Baik,Baik
37.86047,45.478596,-7.618126,7.618126,Baik,Baik
45.916348,39.74138,6.1749687,6.1749687,Baik,Baik
49.21793,44.048946,5.1689835,5.1689835,Baik,Baik
34.23263,34.314182,-0.0815506,0.0815506,Baik,Baik
32.65972,38.59018,-5.930458,5.930458,Baik,Baik
39.527218,48.44281,-8.915592,8.915592,Baik,Baik
37.91329,53.417984,-15.504696,15.504696,Baik,Sedang
23.75673,49.81848,-26.061752,26.061752,Baik,Baik
36.67437,40.602287,-3.9279175,3.9279175,Baik,Baik
43.12403,39.33653,3.7875023,3.7875023,Baik,Baik
53.456894,45.451267,8.005627,8.005627,Sedang,Baik
53.273617,52.998238,0.27537918,0.27537918,Sedang,Sedang
59.954746,54.991283,4.963463,4.963463,Sedang,Sedang
46.25134,54.01669,-7.7653503,7.7653503,Baik,Sedang
56.990067,55.021645,1.9684219,1.9684219,Sedang,Sedang
53.930668,52.48137,1.4492989,1.4492989,Sedang,Sedang
66.06591,58.873955,7.1919556,7.1919556,Sedang,Sedang
61.303337,59.943027,1.3603096,1.3603096,Sedang,Sedang
55.55089,55.70443,-0.15353775,0.15353775,Sedang,Sedang
33.698288,46.433113,-12.734825,12.734825,Baik,Baik
80.88119,84.01341,-3.132225,3.132225,Sedang,Sedang
80.32002,79.37005,0.94997406,0.94997406,Sedang,Sedang
81.72453,87.58306,-5.858528,5.858528,Sedang,Sedang
85.843506,89.47795,-3.6344452,3.6344452,Sedang,Sedang
74.316216,88.02525,-13.709038,13.709038,Sedang,Sedang
76.26293,75.38549,0.8774414,0.8774414,Sedang,Sedang
89.17512,85.124016,4.0511017,4.0511017,Sedang,Sedang
91.65365,90.13028,1.5233688,1.5233688,Sedang,Sedang
92.86323,90.562546,2.300682,2.300682,Sedang,Sedang
85.750946,90.25183,-4.500885,4.500885,Sedang,Sedang
106.613914,99.87111,6.7428055,6.7428055,Tidak Sehat,Sedang
89.54857,100.71986,-11.171288,11.171288,Sedang,Tidak Sehat
76.757675,87.79437,-11.036697,11.036697,Sedang,Sedang
62.158173,78.74768,-16.589508,16.589508,Sedang,Sedang
52.78212,66.75004,-13.967918,13.967918,Sedang,Sedang
67.77866,72.515175,-4.736511,4.736511,Sedang,Sedang
76.833336,75.88245,0.9508896,0.9508896,Sedang,Sedang
80.94333,85.05441,-4.111084,4.111084,Sedang,Sedang
91.79797,86.72926,5.0687103,5.0687103,Sedang,Sedang
87.166664,86.25037,0.9162979,0.9162979,Sedang,Sedang
75.89486,72.972984,2.921875,2.921875,Sedang,Sedang
71.64293,75.82442,-4.181488,4.181488,Sedang,Sedang
67.56967,81.62811,-14.058441,14.058441,Sedang,Sedang
84.413185,80.09292,4.3202667,4.3202667,Sedang,Sedang
86.24761,85.43582,0.81179047,0.81179047,Sedang,Sedang
88.08009,93.019394,-4.9393005,4.9393005,Sedang,Sedang
85.40958,92.60407,-7.194496,7.194496,Sedang,Sedang
91.4831,87.03337,4.44973,4.44973,Sedang,Sedang
89.73946,84.93107,4.8083954,4.8083954,Sedang,Sedang
83.81416,90.85105,-7.036888,7.036888,Sedang,Sedang
88.07895,89.62451,-1.5455627,1.5455627,Sedang,Sedang
95.57623,97.44112,-1.8648834,1.8648834,Sedang,Sedang
97.29389,96.50196,0.79193115,0.79193115,Sedang,Sedang
103.90378,86.2801,17.62368,17.62368,Tidak Sehat,Sedang
86.242516,97.31403,-11.071518,11.071518,Sedang,Sedang
87.17152,89.51892,-2.3474045,2.3474045,Sedang,Sedang
77.3129,84.54797,-7.235077,7.235077,Sedang,Sedang
85.68588,85.80587,-0.11998749,0.11998749,Sedang,Sedang
83.01987,97.075516,-14.055649,14.055649,Sedang,Sedang
112.19155,91.41919,20.772362,20.772362,Tidak Sehat,Sedang
91.400696,101.21861,-9.817917,9.817917,Sedang,Tidak Sehat
117.42124,87.49417,29.92707,29.92707,Tidak Sehat,Sedang
87.89592,97.99997,-10.10405,10.10405,Sedang,Sedang
15.407619,84.75541,-69.34779,69.34779,Baik,Sedang
73.29288,66.032814,7.260063,7.260063,Sedang,Sedang
76.096565,89.71365,-13.617088,13.617088,Sedang,Sedang
110.97727,74.79275,36.184525,36.184525,Tidak Sehat,Sedang
72.09709,94.60391,-22.50682,22.50682,Sedang,Sedang
86.60962,72.87299,13.736626,13.736626,Sedang,Sedang
85.0372,77.88829,7.1489105,7.1489105,Sedang,Sedang
66.23691,74.84575,-8.608841,8.608841,Sedang,Sedang
61.28981,73.03831,-11.748497,11.748497,Sedang,Sedang
55.1501,81.115715,-25.965614,25.965614,Sedang,Sedang
65.58933,67.77088,-2.181549,2.181549,Sedang,Sedang
61.058804,76.82749,-15.768688,15.768688,Sedang,Sedang
67.212616,72.92799,-5.715378,5.715378,Sedang,Sedang
71.371376,73.72085,-2.349472,2.349472,Sedang,Sedang
71.166565,73.665245,-2.49868,2.49868,Sedang,Sedang
69.982735,76.383606,-6.4008713,6.4008713,Sedang,Sedang
62.913887,80.39553,-17.481644,17.481644,Sedang,Sedang
85.14379,76.14046,9.003334,9.003334,Sedang,Sedang
75.927704,83.10069,-7.172989,7.172989,Sedang,Sedang
70.992424,75.0744,-4.081978,4.081978,Sedang,Sedang
103.52431,78.70463,24.81968,24.81968,Tidak Sehat,Sedang
75.659775,98.847984,-23.18821,23.18821,Sedang,Sedang
68.82882,83.513306,-14.684486,14.684486,Sedang,Sedang
69.97608,78.591255,-8.615173,8.615173,Sedang,Sedang
60.339767,73.97318,-13.633415,13.633415,Sedang,Sedang
57.922546,68.926765,-11.004219,11.004219,Sedang,Sedang
64.30928,62.54277,1.76651,1.76651,Sedang,Sedang
88.61146,63.864902,24.746555,24.746555,Sedang,Sedang
74.29086,80.6546,-6.363739,6.363739,Sedang,Sedang
95.49817,78.26109,17.237076,17.237076,Sedang,Sedang
32.772976,95.7852,-63.012226,63.012226,Baik,Sedang
83.163284,71.17428,11.989006,11.989006,Sedang,Sedang
71.922585,86.04027,-14.117683,14.117683,Sedang,Sedang
65.50799,72.79833,-7.290344,7.290344,Sedang,Sedang
59.336998,73.86473,-14.527733,14.527733,Sedang,Sedang
80.65735,67.39295,13.264397,13.264397,Sedang,Sedang
69.91761,76.94648,-7.0288696,7.0288696,Sedang,Sedang
63.111485,79.01704,-15.905552,15.905552,Sedang,Sedang
83.40689,76.80822,6.598671,6.598671,Sedang,Sedang
92.27833,84.80636,7.4719696,7.4719696,Sedang,Sedang
79.51803,80.86188,-1.3438492,1.3438492,Sedang,Sedang
89.7379,75.111725,14.626175,14.626175,Sedang,Sedang
98.81732,76.619576,22.197746,22.197746,Sedang,Sedang
77.45601,95.95464,-18.498634,18.498634,Sedang,Sedang
75.34829,87.18093,-11.832642,11.832642,Sedang,Sedang
78.583534,83.64317,-5.059639,5.059639,Sedang,Sedang
60.997192,80.30006,-19.302864,19.302864,Sedang,Sedang
68.10672,71.72457,-3.6178513,3.6178513,Sedang,Sedang
80.3472,79.550705,0.79649353,0.79649353,Sedang,Sedang
65.13204,67.73421,-2.6021652,2.6021652,Sedang,Sedang
79.71285,81.579735,-1.8668823,1.8668823,Sedang,Sedang
65.78032,85.33215,-19.551834,19.551834,Sedang,Sedang
73.18352,77.45653,-4.2730103,4.2730103,Sedang,Sedang
75.87057,71.69776,4.172806,4.172806,Sedang,Sedang
65.88899,77.22816,-11.339165,11.339165,Sedang,Sedang
69.44393,68.5483,0.8956299,0.8956299,Sedang,Sedang
77.01729,74.727295,2.2899933,2.2899933,Sedang,Sedang
76.75401,88.776886,-12.022873,12.022873,Sedang,Sedang
84.795074,87.992065,-3.196991,3.196991,Sedang,Sedang
82.837006,88.69978,-5.8627777,5.8627777,Sedang,Sedang
73.307625,79.21903,-5.9114075,5.9114075,Sedang,Sedang
70.14005,75.5613,-5.4212494,5.4212494,Sedang,Sedang
60.01514,56.44563,3.5695114,3.5695114,Sedang,Sedang
52.6077,61.05644,-8.448738,8.448738,Sedang,Sedang
51.040596,75.366295,-24.325699,24.325699,Sedang,Sedang
38.78792,70.77018,-31.982258,31.982258,Baik,Sedang
63.354614,61.37796,1.976654,1.976654,Sedang,Sedang
65.599045,69.40167,-3.8026276,3.8026276,Sedang,Sedang
74.4278,74.81207,-0.3842697,0.3842697,Sedang,Sedang
81.09064,71.9858,9.1048355,9.1048355,Sedang,Sedang
76.94878,61.076424,15.872353,15.872353,Sedang,Sedang
57.423527,63.19555,-5.7720222,5.7720222,Sedang,Sedang
61.77644,68.91921,-7.1427727,7.1427727,Sedang,Sedang
66.72503,70.0577,-3.332672,3.332672,Sedang,Sedang
74.429886,75.63339,-1.2035065,1.2035065,Sedang,Sedang
62.798054,77.133125,-14.335072,14.335072,Sedang,Sedang
75.70593,69.05072,6.6552124,6.6552124,Sedang,Sedang
53.920425,81.00809,-27.087662,27.087662,Sedang,Sedang
53.95769,64.3818,-10.424107,10.424107,Sedang,Sedang
52.238316,71.33518,-19.096867,19.096867,Sedang,Sedang
70.97656,65.23748,5.7390823,5.7390823,Sedang,Sedang
50.524994,66.69644,-16.171448,16.171448,Sedang,Sedang
51.983234,57.01721,-5.0339737,5.0339737,Sedang,Sedang
44.02966,46.565426,-2.5357666,2.5357666,Baik,Baik
32.553783,56.53296,-23.979176,23.979176,Baik,Sedang
51.22082,41.599373,9.6214485,9.6214485,Sedang,Baik
51.15938,61.111202,-9.95182,9.95182,Sedang,Sedang
32.062275,59.013165,-26.95089,26.95089,Baik,Sedang
35.032547,45.17066,-10.138111,10.138111,Baik,Baik
35.342796,38.430054,-3.0872574,3.0872574,Baik,Baik
33.12899,54.861908,-21.732918,21.732918,Baik,Sedang
22.419897,33.972176,-11.5522785,11.5522785,Baik,Baik
16.146511,34.494953,-18.348442,18.348442,Baik,Baik
28.616022,38.922585,-10.306562,10.306562,Baik,Baik
27.531492,42.749557,-15.218065,15.218065,Baik,Baik
44.444397,42.08278,2.361618,2.361618,Baik,Baik
73.45578,51.408302,22.047478,22.047478,Sedang,Sedang
78.37393,79.94728,-1.573349,1.573349,Sedang,Sedang
60.65946,58.119576,2.5398827,2.5398827,Sedang,Sedang
42.05906,55.721268,-13.662209,13.662209,Baik,Sedang
12.967333,52.119358,-39.152023,39.152023,Baik,Sedang
25.480314,48.280674,-22.80036,22.80036,Baik,Baik
20.551449,38.762474,-18.211025,18.211025,Baik,Baik
24.429419,36.752403,-12.322985,12.322985,Baik,Baik
20.55594,28.95023,-8.394289,8.394289,Baik,Baik
23.323915,35.38209,-12.058176,12.058176,Baik,Baik
17.932539,46.527184,-28.594645,28.594645,Baik,Baik
29.003958,47.770172,-18.766214,18.766214,Baik,Baik
19.762506,45.96779,-26.205282,26.205282,Baik,Baik
23.572649,39.49256,-15.919912,15.919912,Baik,Baik
43.013836,35.59595,7.417885,7.417885,Baik,Baik
52.69533,49.299023,3.396309,3.396309,Sedang,Baik
52.249207,59.835995,-7.586788,7.586788,Sedang,Sedang
61.73067,59.31695,2.4137192,2.4137192,Sedang,Sedang
46.534203,58.406605,-11.872402,11.872402,Baik,Sedang
60.680595,58.24146,2.4391365,2.4391365,Sedang,Sedang
47.10207,54.688652,-7.586582,7.586582,Baik,Sedang
66.954544,58.804962,8.149582,8.149582,Sedang,Sedang
60.67807,61.763397,-1.0853271,1.0853271,Sedang,Sedang
54.632736,61.385925,-6.753189,6.753189,Sedang,Sedang
23.398916,49.246555,-25.84764,25.84764,Baik,Baik
82.4641,76.95163,5.512474,5.512474,Sedang,Sedang
76.98398,76.7449,0.2390747,0.2390747,Sedang,Sedang
81.38141,78.1758,3.2056122,3.2056122,Sedang,Sedang
91.221634,82.68833,8.533302,8.533302,Sedang,Sedang
89.04638,82.632935,6.4134445,6.4134445,Sedang,Sedang
75.53522,77.17876,-1.6435394,1.6435394,Sedang,Sedang
89.15767,76.12278,13.034889,13.034889,Sedang,Sedang
90.82929,84.49527,6.3340225,6.3340225,Sedang,Sedang
52.337463,85.43292,-33.09546,33.09546,Sedang,Sedang
74.87042,71.84871,3.0217133,3.0217133,Sedang,Sedang
98.30193,84.59228,13.709656,13.709656,Sedang,Sedang
93.646385,88.56806,5.0783234,5.0783234,Sedang,Sedang
93.33799,83.64475,9.693237,9.693237,Sedang,Sedang
66.588684,80.499054,-13.91037,13.91037,Sedang,Sedang
68.09946,66.90179,1.19767,1.19767,Sedang,Sedang
77.58543,72.876274,4.709152,4.709152,Sedang,Sedang
74.16058,77.41123,-3.2506485,3.2506485,Sedang,Sedang
76.203995,77.51804,-1.3140488,1.3140488,Sedang,Sedang
52.543133,79.272,-26.72887,26.72887,Sedang,Sedang
68.38074,68.363716,0.01702118,0.01702118,Sedang,Sedang
76.629906,65.56148,11.068428,11.068428,Sedang,Sedang
72.23079,72.816124,-0.5853348,0.5853348,Sedang,Sedang
73.93883,71.49749,2.4413376,2.4413376,Sedang,Sedang
78.88935,77.1585,1.7308502,1.7308502,Sedang,Sedang
89.14213,80.48622,8.655907,8.655907,Sedang,Sedang
90.12243,86.726135,3.3962936,3.3962936,Sedang,Sedang
89.39176,86.142456,3.2493057,3.2493057,Sedang,Sedang
90.7476,85.98555,4.762047,4.762047,Sedang,Sedang
82.41926,81.36344,1.0558167,1.0558167,Sedang,Sedang
80.33977,80.82946,-0.4896927,0.4896927,Sedang,Sedang
86.04641,82.73962,3.3067932,3.3067932,Sedang,Sedang
94.5148,87.957146,6.5576553,6.5576553,Sedang,Sedang
91.87456,87.55463,4.319931,4.319931,Sedang,Sedang
74.60525,81.92379,-7.3185425,7.3185425,Sedang,Sedang
85.85915,75.22786,10.631294,10.631294,Sedang,Sedang
97.26171,85.813484,11.448227,11.448227,Sedang,Sedang
73.65259,85.21623,-11.563644,11.563644,Sedang,Sedang
96.70443,78.7683,17.936127,17.936127,Sedang,Sedang
96.29424,89.58652,6.7077255,6.7077255,Sedang,Sedang
85.40799,88.104294,-2.6963043,2.6963043,Sedang,Sedang
103.82763,83.13543,20.6922,20.6922,Tidak Sehat,Sedang
75.81576,93.72914,-17.913383,17.913383,Sedang,Sedang
71.840515,73.87354,-2.0330276,2.0330276,Sedang,Sedang
69.9656,75.66779,-5.702194,5.702194,Sedang,Sedang
74.11677,77.69685,-3.5800858,3.5800858,Sedang,Sedang
80.94614,80.070366,0.87577057,0.87577057,Sedang,Sedang
64.4188,79.6037,-15.184898,15.184898,Sedang,Sedang
73.94206,72.69043,1.2516327,1.2516327,Sedang,Sedang
69.71866,73.83974,-4.1210785,4.1210785,Sedang,Sedang
67.93977,65.89707,2.0427017,2.0427017,Sedang,Sedang
62.83204,66.6413,-3.8092575,3.8092575,Sedang,Sedang
65.0786,68.34825,-3.2696533,3.2696533,Sedang,Sedang
63.50693,75.52417,-12.017239,12.017239,Sedang,Sedang
71.93136,69.896416,2.0349426,2.0349426,Sedang,Sedang
77.856094,75.98411,1.8719864,1.8719864,Sedang,Sedang
76.365326,75.73476,0.63056946,0.63056946,Sedang,Sedang
78.43144,74.1856,4.245842,4.245842,Sedang,Sedang
74.66939,75.93834,-1.2689514,1.2689514,Sedang,Sedang
77.78316,75.02223,2.7609253,2.7609253,Sedang,Sedang
72.16432,79.55513,-7.390808,7.390808,Sedang,Sedang
80.67643,77.440704,3.2357254,3.2357254,Sedang,Sedang
76.53084,78.99688,-2.4660416,2.4660416,Sedang,Sedang
81.673645,75.53971,6.133934,6.133934,Sedang,Sedang
97.40961,63.82138,33.588226,33.588226,Sedang,Sedang
88.53666,73.90831,14.628349,14.628349,Sedang,Sedang
77.43314,72.219,5.214142,5.214142,Sedang,Sedang
84.392456,70.48346,13.908997,13.908997,Sedang,Sedang
74.79829,71.91446,2.8838272,2.8838272,Sedang,Sedang
75.69753,68.03452,7.6630096,7.6630096,Sedang,Sedang
71.835434,66.07027,5.765167,5.765167,Sedang,Sedang
83.60773,60.997726,22.61,22.61,Sedang,Sedang
73.797935,69.41609,4.3818436,4.3818436,Sedang,Sedang
77.73305,67.49547,10.237579,10.237579,Sedang,Sedang
88.72619,74.730545,13.995644,13.995644,Sedang,Sedang
84.02366,81.938194,2.0854645,2.0854645,Sedang,Sedang
82.45409,77.07361,5.380478,5.380478,Sedang,Sedang
76.13932,68.03096,8.10836,8.10836,Sedang,Sedang
72.93349,73.39809,-0.4645996,0.4645996,Sedang,Sedang
94.88337,64.207436,30.675934,30.675934,Sedang,Sedang
80.964935,66.94375,14.021187,14.021187,Sedang,Sedang
71.68236,72.77401,-1.0916519,1.0916519,Sedang,Sedang
79.366325,72.485596,6.8807297,6.8807297,Sedang,Sedang
84.10725,74.73777,9.369476,9.369476,Sedang,Sedang
72.36261,65.86456,6.498047,6.498047,Sedang,Sedang
81.110306,60.349045,20.761261,20.761261,Sedang,Sedang
88.681206,55.859867,32.82134,32.82134,Sedang,Sedang
70.17892,76.64023,-6.4613113,6.4613113,Sedang,Sedang
54.55758,69.76645,-15.20887,15.20887,Sedang,Sedang
78.108345,66.59775,11.510597,11.510597,Sedang,Sedang
64.291504,71.08858,-6.7970734,6.7970734,Sedang,Sedang
83.45332,64.9699,18.483421,18.483421,Sedang,Sedang
80.4045,76.44134,3.9631653,3.9631653,Sedang,Sedang
59.680424,55.192993,4.4874306,4.4874306,Sedang,Sedang
85.86576,61.18149,24.684269,24.684269,Sedang,Sedang
82.16992,71.463646,10.706276,10.706276,Sedang,Sedang
70.691414,75.27468,-4.583267,4.583267,Sedang,Sedang
71.41998,69.57593,1.8440552,1.8440552,Sedang,Sedang
74.467674,72.70574,1.7619324,1.7619324,Sedang,Sedang
67.48749,66.01634,1.4711456,1.4711456,Sedang,Sedang
75.020996,63.986977,11.034019,11.034019,Sedang,Sedang
76.91688,73.30725,3.6096268,3.6096268,Sedang,Sedang
82.792984,75.40657,7.3864136,7.3864136,Sedang,Sedang
81.921,76.719376,5.201622,5.201622,Sedang,Sedang
84.42652,72.593704,11.832817,11.832817,Sedang,Sedang
88.759026,68.68027,20.078758,20.078758,Sedang,Sedang
71.4465,60.0483,11.398201,11.398201,Sedang,Sedang
67.99399,64.18088,3.8131104,3.8131104,Sedang,Sedang
59.662224,76.529945,-16.867722,16.867722,Sedang,Sedang
62.272583,64.37215,-2.0995636,2.0995636,Sedang,Sedang
69.527885,57.59668,11.931206,11.931206,Sedang,Sedang
86.48318,66.69618,19.786995,19.786995,Sedang,Sedang
95.33494,82.334145,13.000793,13.000793,Sedang,Sedang
82.68395,79.7912,2.8927536,2.8927536,Sedang,Sedang
72.43934,55.83145,16.607887,16.607887,Sedang,Sedang
52.904068,50.84341,2.0606575,2.0606575,Sedang,Sedang
79.9727,54.472,25.500702,25.500702,Sedang,Sedang
91.942505,63.644165,28.29834,28.29834,Sedang,Sedang
106.124596,79.068634,27.055962,27.055962,Tidak Sehat,Sedang
85.07295,88.454704,-3.381752,3.381752,Sedang,Sedang
113.69455,69.60076,44.09379,44.09379,Tidak Sehat,Sedang
88.96932,89.74962,-0.7802963,0.7802963,Sedang,Sedang
60.148724,75.17824,-15.029514,15.029514,Sedang,Sedang
57.76782,70.191315,-12.423496,12.423496,Sedang,Sedang
68.54356,64.930046,3.6135101,3.6135101,Sedang,Sedang
58.13697,67.15918,-9.022209,9.022209,Sedang,Sedang
51.38232,58.18416,-6.801838,6.801838,Sedang,Sedang
53.27102,40.944523,12.326496,12.326496,Sedang,Baik
45.044273,54.306095,-9.261822,9.261822,Baik,Sedang
56.143948,36.246452,19.897495,19.897495,Sedang,Baik
54.33323,54.414314,-0.081085205,0.081085205,Sedang,Sedang
51.959076,55.85907,-3.899994,3.899994,Sedang,Sedang
46.985,45.974926,1.0100746,1.0100746,Baik,Baik
34.67688,36.267162,-1.5902824,1.5902824,Baik,Baik
42.125,43.625942,-1.5009422,1.5009422,Baik,Baik
29.126959,26.739761,2.3871975,2.3871975,Baik,Baik
19.284805,29.167843,-9.883038,9.883038,Baik,Baik
24.269766,30.596497,-6.3267307,6.3267307,Baik,Baik
26.71264,33.681545,-6.9689045,6.9689045,Baik,Baik
41.336388,34.6569,6.679489,6.679489,Baik,Baik
70.69837,39.215485,31.482887,31.482887,Sedang,Baik
77.62321,61.174458,16.44875,16.44875,Sedang,Sedang
56.82888,48.12233,8.706551,8.706551,Sedang,Baik
55.89877,48.52748,7.3712883,7.3712883,Sedang,Baik
28.905695,44.836548,-15.930853,15.930853,Baik,Baik
42.188576,41.278526,0.91004944,0.91004944,Baik,Baik
39.942707,33.37719,6.5655174,6.5655174,Baik,Baik
47.731388,35.285,12.446388,12.446388,Baik,Baik
34.29266,30.344936,3.9477234,3.9477234,Baik,Baik
32.892864,33.458046,-0.56518173,0.56518173,Baik,Baik
37.319424,38.847824,-1.5284004,1.5284004,Baik,Baik
41.726788,42.27906,-0.5522728,0.5522728,Baik,Baik
20.253923,39.51645,-19.262526,19.262526,Baik,Baik
41.17394,35.175163,5.9987755,5.9987755,Baik,Baik
50.51507,32.754513,17.76056,17.76056,Sedang,Baik
51.338688,46.305443,5.033245,5.033245,Sedang,Baik
46.431793,44.62655,1.8052444,1.8052444,Baik,Baik
62.582756,47.714577,14.868179,14.868179,Sedang,Baik
53.527935,48.364525,5.16341,5.16341,Sedang,Baik
56.81627,49.253548,7.5627213,7.5627213,Sedang,Baik
55.361073,45.947605,9.413467,9.413467,Sedang,Baik
67.08132,53.222946,13.858376,13.858376,Sedang,Sedang
62.00449,55.71299,6.2915,6.2915,Sedang,Sedang
53.755123,47.129166,6.6259575,6.6259575,Sedang,Baik
36.754917,36.587135,0.16778183,0.16778183,Baik,Baik
83.413864,81.94352,1.4703445,1.4703445,Sedang,Sedang
76.98592,77.75767,-0.7717438,0.7717438,Sedang,Sedang
84.586845,79.955734,4.631111,4.631111,Sedang,Sedang
94.84445,84.70013,10.144325,10.144325,Sedang,Sedang
77.45683,86.80717,-9.350334,9.350334,Sedang,Sedang
80.590706,73.98814,6.6025696,6.6025696,Sedang,Sedang
91.71692,85.40561,6.31131,6.31131,Sedang,Sedang
95.342064,88.87381,6.468254,6.468254,Sedang,Sedang
81.58111,92.15316,-10.572052,10.572052,Sedang,Sedang
90.62439,81.49582,9.128571,9.128571,Sedang,Sedang
101.56919,97.64368,3.9255142,3.9255142,Tidak Sehat,Sedang
97.77577,93.51053,4.2652435,4.2652435,Sedang,Sedang
84.25251,90.26619,-6.0136795,6.0136795,Sedang,Sedang
67.202896,79.42767,-12.224777,12.224777,Sedang,Sedang
70.97523,70.863884,0.111343384,0.111343384,Sedang,Sedang
73.4728,79.17564,-5.702835,5.702835,Sedang,Sedang
77.38545,76.945076,0.44037628,0.44037628,Sedang,Sedang
63.407738,82.10182,-18.694084,18.694084,Sedang,Sedang
99.40338,79.74217,19.66121,19.66121,Sedang,Sedang
100.52838,90.8671,9.661278,9.661278,Tidak Sehat,Sedang
81.83138,79.2094,2.6219864,2.6219864,Sedang,Sedang
82.22615,77.59185,4.6343,4.6343,Sedang,Sedang
82.11282,80.85353,1.2592926,1.2592926,Sedang,Sedang
88.32579,82.519295,5.8064957,5.8064957,Sedang,Sedang
99.374596,82.59129,16.783302,16.783302,Sedang,Sedang
101.92297,96.70575,5.217224,5.217224,Tidak Sehat,Sedang
98.36873,98.323105,0.04562378,0.04562378,Sedang,Sedang
104.09054,96.25911,7.8314285,7.8314285,Tidak Sehat,Sedang
98.88813,89.729416,9.158714,9.158714,Sedang,Sedang
85.44474,93.37103,-7.9262924,7.9262924,Sedang,Sedang
42.267784,88.04617,-45.77839,45.77839,Baik,Sedang
107.77262,79.2773,28.495323,28.495323,Tidak Sehat,Sedang
103.10213,99.287994,3.8141327,3.8141327,Tidak Sehat,Sedang
83.33035,84.12873,-0.798378,0.798378,Sedang,Sedang
97.7638,81.80419,15.95961,15.95961,Sedang,Sedang
107.962395,98.96269,8.999702,8.999702,Tidak Sehat,Sedang
84.670685,89.577896,-4.9072113,4.9072113,Sedang,Sedang
112.247765,86.25551,25.992256,25.992256,Tidak Sehat,Sedang
99.728905,101.0815,-1.3525925,1.3525925,Sedang,Tidak Sehat
99.48079,91.920555,7.560234,7.560234,Sedang,Sedang
112.627365,96.39256,16.234802,16.234802,Tidak Sehat,Sedang
83.41465,104.38962,-20.974968,20.974968,Sedang,Tidak Sehat
82.12644,77.62658,4.4998627,4.4998627,Sedang,Sedang
83.01023,84.83086,-1.8206253,1.8206253,Sedang,Sedang
87.11253,86.69315,0.4193802,0.4193802,Sedang,Sedang
88.76298,88.093796,0.6691818,0.6691818,Sedang,Sedang
62.635498,79.793686,-17.158188,17.158188,Sedang,Sedang
56.281258,73.83692,-17.555664,17.555664,Sedang,Sedang
76.96611,67.68031,9.285797,9.285797,Sedang,Sedang
76.308426,68.62162,7.6868057,7.6868057,Sedang,Sedang
71.493645,66.15622,5.337425,5.337425,Sedang,Sedang
77.46879,67.275536,10.193253,10.193253,Sedang,Sedang
69.97383,81.00337,-11.029541,11.029541,Sedang,Sedang
82.132454,69.879684,12.252769,12.252769,Sedang,Sedang
90.81626,82.040955,8.775307,8.775307,Sedang,Sedang
87.96686,84.70412,3.262741,3.262741,Sedang,Sedang
83.57146,83.9537,-0.3822403,0.3822403,Sedang,Sedang
90.41625,81.331535,9.084717,9.084717,Sedang,Sedang
89.182816,83.15036,6.0324554,6.0324554,Sedang,Sedang
80.521324,84.31294,-3.7916183,3.7916183,Sedang,Sedang
88.59633,82.754486,5.8418427,5.8418427,Sedang,Sedang
83.35073,85.03297,-1.6822357,1.6822357,Sedang,Sedang
92.70913,82.21118,10.497948,10.497948,Sedang,Sedang
111.15413,94.50907,16.645058,16.645058,Tidak Sehat,Sedang
101.877495,97.808136,4.069359,4.069359,Tidak Sehat,Sedang
92.21758,90.67726,1.5403214,1.5403214,Sedang,Sedang
95.85935,85.89952,9.959831,9.959831,Sedang,Sedang
85.60786,81.890785,3.7170715,3.7170715,Sedang,Sedang
82.20925,79.630066,2.5791855,2.5791855,Sedang,Sedang
88.20287,75.23711,12.965767,12.965767,Sedang,Sedang
94.89254,79.563896,15.328644,15.328644,Sedang,Sedang
81.145226,86.14198,-4.9967575,4.9967575,Sedang,Sedang
89.56639,79.192276,10.374115,10.374115,Sedang,Sedang
100.84218,91.257904,9.584274,9.584274,Tidak Sehat,Sedang
92.98065,95.54663,-2.565979,2.565979,Sedang,Sedang
91.12454,90.00128,1.1232605,1.1232605,Sedang,Sedang
82.451324,84.37223,-1.9209061,1.9209061,Sedang,Sedang
80.56429,85.27425,-4.7099533,4.7099533,Sedang,Sedang
111.798096,79.85771,31.940384,31.940384,Tidak Sehat,Sedang
89.14245,90.947235,-1.8047867,1.8047867,Sedang,Sedang
82.09535,84.69243,-2.5970764,2.5970764,Sedang,Sedang
87.58076,85.00474,2.5760193,2.5760193,Sedang,Sedang
94.86736,87.74242,7.1249466,7.1249466,Sedang,Sedang
85.04828,83.428925,1.6193542,1.6193542,Sedang,Sedang
100.30637,78.23025,22.076126,22.076126,Tidak Sehat,Sedang
108.46671,81.66903,26.797684,26.797684,Tidak Sehat,Sedang
89.765564,99.22973,-9.464165,9.464165,Sedang,Sedang
102.46152,88.11844,14.343079,14.343079,Tidak Sehat,Sedang
78.074776,93.32043,-15.245651,15.245651,Sedang,Sedang
59.40506,81.09396,-21.688904,21.688904,Sedang,Sedang
25.867094,75.61302,-49.745926,49.745926,Baik,Sedang
78.85893,60.28688,18.572052,18.572052,Sedang,Sedang
65.13819,62.479847,2.6583443,2.6583443,Sedang,Sedang
82.52445,71.48435,11.0401,11.0401,Sedang,Sedang
82.858734,78.989006,3.869728,3.869728,Sedang,Sedang
74.12978,81.68004,-7.550255,7.550255,Sedang,Sedang
78.51719,70.58275,7.9344406,7.9344406,Sedang,Sedang
78.59036,81.834076,-3.2437134,3.2437134,Sedang,Sedang
75.26034,74.08781,1.1725311,1.1725311,Sedang,Sedang
81.371056,78.08525,3.2858047,3.2858047,Sedang,Sedang
77.35723,88.50002,-11.142792,11.142792,Sedang,Sedang
86.317856,85.4465,0.87135315,0.87135315,Sedang,Sedang
83.86717,86.57928,-2.7121048,2.7121048,Sedang,Sedang
88.66607,81.29743,7.368637,7.368637,Sedang,Sedang
95.53057,84.91034,10.620232,10.620232,Sedang,Sedang
78.02238,70.35982,7.6625595,7.6625595,Sedang,Sedang
72.261215,76.202225,-3.9410095,3.9410095,Sedang,Sedang
67.62272,84.88353,-17.26081,17.26081,Sedang,Sedang
70.2876,76.97762,-6.6900253,6.6900253,Sedang,Sedang
76.39376,74.7883,1.6054611,1.6054611,Sedang,Sedang
93.450294,81.202705,12.247589,12.247589,Sedang,Sedang
95.081665,93.11703,1.9646378,1.9646378,Sedang,Sedang
80.39279,90.04863,-9.655838,9.655838,Sedang,Sedang
78.44597,71.76343,6.682541,6.682541,Sedang,Sedang
66.18585,71.810715,-5.6248627,5.6248627,Sedang,Sedang
73.724304,73.032486,0.69181824,0.69181824,Sedang,Sedang
92.47661,76.22928,16.24733,16.24733,Sedang,Sedang
98.41213,91.50409,6.908043,6.908043,Sedang,Sedang
72.72945,96.44677,-23.717323,23.717323,Sedang,Sedang
129.9363,78.83724,51.099052,51.099052,Tidak Sehat,Sedang
103.577225,104.31209,-0.7348633,0.7348633,Tidak Sehat,Tidak Sehat
66.6146,86.87587,-20.261269,20.261269,Sedang,Sedang
61.364628,81.0227,-19.65807,19.65807,Sedang,Sedang
70.323784,75.88199,-5.5582047,5.5582047,Sedang,Sedang
47.341434,78.119225,-30.77779,30.77779,Baik,Sedang
55.499146,61.867737,-6.3685913,6.3685913,Sedang,Sedang
56.48985,53.271133,3.2187157,3.2187157,Sedang,Sedang
54.96798,67.077515,-12.109535,12.109535,Sedang,Sedang
56.094166,48.36705,7.7271156,7.7271156,Sedang,Baik
68.59229,64.26112,4.331169,4.331169,Sedang,Sedang
53.59437,67.55813,-13.963757,13.963757,Sedang,Sedang
49.516026,54.698692,-5.182667,5.182667,Baik,Sedang
41.26695,47.01304,-5.74609,5.74609,Baik,Baik
45.482365,57.172714,-11.69035,11.69035,Baik,Sedang
31.861286,37.021828,-5.1605415,5.1605415,Baik,Baik
26.315912,35.803143,-9.48723,9.48723,Baik,Baik
28.001638,40.494957,-12.493319,12.493319,Baik,Baik
28.867687,43.672287,-14.8046,14.8046,Baik,Baik
40.76417,42.746086,-1.9819145,1.9819145,Baik,Baik
75.60096,50.92366,24.6773,24.6773,Sedang,Sedang
78.791756,80.84155,-2.049797,2.049797,Sedang,Sedang
59.98047,56.19584,3.7846298,3.7846298,Sedang,Sedang
59.780575,56.597633,3.1829414,3.1829414,Sedang,Sedang
30.827679,53.136475,-22.308796,22.308796,Baik,Sedang
46.304863,50.16783,-3.8629684,3.8629684,Baik,Sedang
29.322578,41.50718,-12.184601,12.184601,Baik,Baik
30.323957,41.31727,-10.993311,10.993311,Baik,Baik
20.521196,34.489548,-13.968351,13.968351,Baik,Baik
29.320103,36.548626,-7.2285233,7.2285233,Baik,Baik
26.980396,47.546646,-20.56625,20.56625,Baik,Baik
19.776934,46.757313,-26.98038,26.98038,Baik,Baik
21.632902,40.11598,-18.483076,18.483076,Baik,Baik
30.350924,37.257595,-6.9066715,6.9066715,Baik,Baik
34.695293,36.654194,-1.9589005,1.9589005,Baik,Baik
51.604652,50.050823,1.5538292,1.5538292,Sedang,Sedang
55.343792,53.280365,2.063427,2.063427,Sedang,Sedang
57.585365,57.977768,-0.39240265,0.39240265,Sedang,Sedang
38.936577,54.97834,-16.041763,16.041763,Baik,Sedang
56.567066,53.956028,2.6110382,2.6110382,Sedang,Sedang
54.071934,51.974228,2.0977058,2.0977058,Sedang,Sedang
65.19104,63.75454,1.4365005,1.4365005,Sedang,Sedang
59.208393,66.01248,-6.8040886,6.8040886,Sedang,Sedang
55.56846,58.93622,-3.3677597,3.3677597,Sedang,Sedang
24.084076,46.469646,-22.38557,22.38557,Baik,Baik
