station,tanggal,actual,predicted
bundaran hi,2024-07-22,80.9291375907088,82.79349651767578
bundaran hi,2024-07-23,87.56307542307046,83.33396694318846
bundaran hi,2024-07-24,98.09863489742877,90.53544689287256
bundaran hi,2024-07-25,84.55747004994345,81.62586986967841
bundaran hi,2024-07-26,80.84955337407739,86.95830582373591
bundaran hi,2024-07-27,93.19193914570376,79.76737409857837
bundaran hi,2024-07-28,96.49290761626288,89.17633254189722
bundaran hi,2024-07-29,91.4318445854219,86.05483604947845
bundaran hi,2024-07-30,87.3177179097038,92.91078664827567
bundaran hi,2024-07-31,100.99712285011468,90.13148186978523
bundaran hi,2024-08-01,99.42413659949035,94.67864070243863
bundaran hi,2024-08-02,90.64226736348448,90.70346413648795
bundaran hi,2024-08-03,65.91255333151778,83.16316966656063
bundaran hi,2024-08-04,72.98913860896454,78.01697015644659
bundaran hi,2024-08-05,77.72938937138001,77.63660436321877
bundaran hi,2024-08-06,74.66666666666667,79.75340981836607
bundaran hi,2024-08-07,83.87947359974322,83.55294776412744
bundaran hi,2024-08-08,95.43774139959174,90.65207762544772
bundaran hi,2024-08-09,94.04440789473684,91.05794683443894
bundaran hi,2024-08-10,80.71154158544509,83.00620419124763
bundaran hi,2024-08-11,77.3148206163557,83.9247077023053
bundaran hi,2024-08-12,78.04878147559069,77.2712250875853
bundaran hi,2024-08-13,85.97228395818452,75.6110139667108
bundaran hi,2024-08-14,93.01223851266076,90.42989499929782
bundaran hi,2024-08-15,91.55650292081216,92.63806456694765
bundaran hi,2024-08-16,92.05825327206908,90.39964420844079
bundaran hi,2024-08-17,93.52357543278112,85.26549470451266
bundaran hi,2024-08-18,90.02397849368792,90.36843672240813
bundaran hi,2024-08-19,86.69394406154275,91.64668980180352
bundaran hi,2024-08-20,87.66228573233315,93.08174913788335
bundaran hi,2024-08-21,98.08884109178922,92.06063716373541
bundaran hi,2024-08-22,90.44861353859795,89.6734132486519
bundaran hi,2024-08-23,77.27877854358117,87.59184101415721
bundaran hi,2024-08-24,93.24183433119838,86.20456661058762
bundaran hi,2024-08-25,92.81209896848604,87.37739179046183
bundaran hi,2024-08-26,78.24880391565333,88.19355089345088
bundaran hi,2024-08-27,104.69395885547196,82.59083069887035
bundaran hi,2024-08-28,89.52287899809043,96.50180917897791
bundaran hi,2024-08-29,93.83984249485894,91.15869830600602
bundaran hi,2024-08-30,100.34856618542882,91.78554337401302
bundaran hi,2024-08-31,77.9863730869419,87.7138356327745
bundaran hi,2024-09-01,72.47109527290449,77.58757651125167
bundaran hi,2024-09-02,71.48416606819193,78.83926909713429
bundaran hi,2024-09-03,79.12621070906432,80.49218985416402
bundaran hi,2024-09-04,83.17522393947833,76.94180651935805
bundaran hi,2024-09-05,72.93943191311612,83.2613565197145
bundaran hi,2024-09-06,79.5823429037294,74.02529495247127
bundaran hi,2024-09-07,75.62459148849581,76.6949540999865
bundaran hi,2024-09-08,80.00017042026361,71.12375763259301
bundaran hi,2024-09-09,69.63341513505988,72.2765717450901
bundaran hi,2024-09-10,68.87038104106166,76.18866955451996
bundaran hi,2024-09-11,62.889254567263066,68.94773879628765
bundaran hi,2024-09-12,80.78868860116037,74.72472376683459
bundaran hi,2024-09-13,76.89039148797922,77.6239200722094
bundaran hi,2024-09-14,83.94878651616285,77.53726815626301
bundaran hi,2024-09-15,84.55933305233695,84.3082102312556
bundaran hi,2024-09-16,83.43679175399514,83.86393626049185
bundaran hi,2024-09-17,79.46494584450761,82.86045463676302
bundaran hi,2024-09-18,76.02901232934069,79.05645868367728
bundaran hi,2024-09-19,83.44275899798104,77.52620538013508
bundaran hi,2024-09-20,81.5830934438195,82.47146434673287
bundaran hi,2024-09-21,90.15081765810876,87.2508880885068
bundaran hi,2024-09-22,103.83584680962517,94.23248624070509
bundaran hi,2024-09-23,90.58729765054171,97.21289879799063
bundaran hi,2024-09-24,78.70878664270289,84.73160464340691
bundaran hi,2024-09-25,86.16783505556218,79.52500252321998
bundaran hi,2024-09-26,73.72710022243864,82.48070122423242
bundaran hi,2024-09-27,73.50840190029471,77.28720040281127
bundaran hi,2024-09-28,82.43650628261018,84.03499844792718
bundaran hi,2024-09-29,87.3917977256321,85.10430767561944
bundaran hi,2024-09-30,76.05947164639342,88.25631827860832
bundaran hi,2024-10-01,87.51166526704492,80.33081013323594
bundaran hi,2024-10-02,87.88143100807572,92.04122966510111
bundaran hi,2024-10-03,74.465266174696,93.22023707047698
bundaran hi,2024-10-04,83.73159122729663,82.13807097627661
bundaran hi,2024-10-05,79.22408285926457,84.48889277540229
bundaran hi,2024-10-06,75.39472678829861,81.14745595666625
bundaran hi,2024-10-07,102.0996122267133,79.18208221344386
bundaran hi,2024-10-08,80.66170196351769,92.44911081598693
bundaran hi,2024-10-09,74.97189806112503,79.79195379242518
bundaran hi,2024-10-10,82.89942548431698,79.58625117303595
bundaran hi,2024-10-11,89.96506780706727,82.75372637696233
bundaran hi,2024-10-12,79.706552909013,92.42822411164433
bundaran hi,2024-10-13,90.75699663679706,80.95494020182464
bundaran hi,2024-10-14,94.537819811768,92.86289060945005
bundaran hi,2024-10-15,79.71110620129733,89.81444233874011
bundaran hi,2024-10-16,72.28761526520863,79.59842979032626
bundaran hi,2024-10-17,77.47540944269537,75.1758391476911
bundaran hi,2024-10-18,41.38018356992551,79.38868546449746
bundaran hi,2024-10-19,14.167709847543506,71.53214818726484
bundaran hi,2024-10-20,78.05136808134863,46.082296950487525
bundaran hi,2024-10-21,62.75623624747848,75.89370504789757
bundaran hi,2024-10-22,59.23294835004936,66.71818400950943
bundaran hi,2024-10-23,20.154662045623688,68.40548385176237
bundaran hi,2024-10-24,73.05462808011968,61.259800488679225
bundaran hi,2024-10-25,74.61447649426383,75.4087062530216
bundaran hi,2024-10-26,38.23556681183174,68.71686854917024
bundaran hi,2024-10-27,62.94505410719014,65.05343964922564
bundaran hi,2024-10-28,77.49621436824987,67.35427967432385
bundaran hi,2024-10-29,73.73010495537777,81.06872465288387
bundaran hi,2024-10-30,84.26226121328286,74.9777999246226
bundaran hi,2024-10-31,82.7362744368587,88.84134519551846
bundaran hi,2024-11-01,86.4584464639844,85.01557114013907
bundaran hi,2024-11-02,85.83755250394505,84.8726914482339
bundaran hi,2024-11-03,72.19477957013862,80.03265432095984
bundaran hi,2024-11-04,62.62583790826272,78.05675863898746
bundaran hi,2024-11-05,63.62980222547109,72.7199204890796
bundaran hi,2024-11-06,60.91970377332219,62.76706046382328
bundaran hi,2024-11-07,75.43789664988803,72.43214067681636
bundaran hi,2024-11-08,85.37719153207092,81.52168883282862
bundaran hi,2024-11-09,95.8313194481325,89.03500914702987
bundaran hi,2024-11-10,81.10469966044579,88.8060231713593
bundaran hi,2024-11-11,74.5917306925868,78.14136286045924
bundaran hi,2024-11-12,57.49522974028117,72.22442495956747
bundaran hi,2024-11-13,71.4897370741669,65.55511302814443
bundaran hi,2024-11-14,93.13708460967231,81.89864075622292
bundaran hi,2024-11-15,103.03132064423842,92.84378691000515
bundaran hi,2024-11-16,100.76066976256324,87.60706180715873
bundaran hi,2024-11-17,117.89188301369366,90.94427514358324
bundaran hi,2024-11-18,79.70741731035851,91.02497697171069
bundaran hi,2024-11-19,64.20769232039255,80.91369674269716
bundaran hi,2024-11-20,61.61331679073615,69.37411306315029
bundaran hi,2024-11-21,67.76566295657632,70.72708594774105
bundaran hi,2024-11-22,53.07210962999573,66.4780627098371
bundaran hi,2024-11-23,52.37068689461517,56.08552420543618
bundaran hi,2024-11-24,51.999327021256846,63.841812752622005
bundaran hi,2024-11-25,44.250694785817664,46.24230658186993
bundaran hi,2024-11-26,54.98353087580062,60.1598986983092
bundaran hi,2024-11-27,19.116794254764585,64.45028863698921
bundaran hi,2024-11-28,48.980160101718674,50.16628390699049
bundaran hi,2024-11-29,38.45550068319043,42.11762113050265
bundaran hi,2024-11-30,39.14534796893668,56.62871942627782
bundaran hi,2024-12-01,40.49225350422427,38.37147102455885
bundaran hi,2024-12-02,28.207474611708488,41.372135098922215
bundaran hi,2024-12-03,17.823902005090638,38.57553376582566
bundaran hi,2024-12-04,28.29680704652766,40.33270973570695
bundaran hi,2024-12-05,32.10663032366971,43.40217915037562
bundaran hi,2024-12-06,40.924917995520495,44.275150895304215
bundaran hi,2024-12-07,72.45182289265638,55.957947740741716
bundaran hi,2024-12-08,78.26402185157086,70.35447148223857
bundaran hi,2024-12-09,58.36353601069132,72.16256614844794
bundaran hi,2024-12-10,44.43141007418237,52.5575055470711
bundaran hi,2024-12-11,14.707368271569385,46.61001948997895
bundaran hi,2024-12-12,37.46506756142538,40.51786411489019
bundaran hi,2024-12-13,40.621266427718034,41.96125992938875
bundaran hi,2024-12-14,38.72716623560877,40.75729202981894
bundaran hi,2024-12-15,28.93488383256528,46.03051681107931
bundaran hi,2024-12-16,31.347450868560717,46.35158713170689
bundaran hi,2024-12-17,33.580122461170845,50.848068719042026
bundaran hi,2024-12-18,34.22698252688172,39.71410618912152
bundaran hi,2024-12-19,21.549526579020053,45.46915358348801
bundaran hi,2024-12-20,34.69706710504835,42.2258860301001
bundaran hi,2024-12-21,44.74424416321168,47.798329042711444
bundaran hi,2024-12-22,51.50311475509429,48.94849572837499
bundaran hi,2024-12-23,54.3949813352064,41.55463403376021
bundaran hi,2024-12-24,61.07044831815721,54.00318305049862
bundaran hi,2024-12-25,47.66674508417821,53.28299541615627
bundaran hi,2024-12-26,56.97680950282281,42.974765919029444
bundaran hi,2024-12-27,60.69852151049442,60.70060836939496
bundaran hi,2024-12-28,66.1199885999885,64.49185341732202
bundaran hi,2024-12-29,60.91990959930204,64.90974904160801
bundaran hi,2024-12-30,56.22996226618662,54.44715088517926
bundaran hi,2024-12-31,33.654176028882006,52.72212647151269
bundaran hi,2025-01-01,60.68837162347455,55.46801394695659
jagakarsa,2024-07-22,79.20503898440468,82.86580269410744
jagakarsa,2024-07-23,81.1725654686826,83.52102312994545
jagakarsa,2024-07-24,83.41461582196231,82.7879075602858
jagakarsa,2024-07-25,76.34892233740919,81.07975189897446
jagakarsa,2024-07-26,76.74221251914508,80.12803283427256
jagakarsa,2024-07-27,87.79687064884433,80.7349572456865
jagakarsa,2024-07-28,95.38381949392816,89.58841056991986
jagakarsa,2024-07-29,91.2176755920566,85.31279956060399
jagakarsa,2024-07-30,85.129959284461,88.54353751216173
jagakarsa,2024-07-31,100.17958669822706,83.72915076646576
jagakarsa,2024-08-01,97.294172280748,87.75746441448119
jagakarsa,2024-08-02,78.34868421052633,84.57099039641726
jagakarsa,2024-08-03,63.06825694154367,73.00007551814689
jagakarsa,2024-08-04,67.0128639054259,71.62816844231433
jagakarsa,2024-08-05,71.58305565514497,72.05165281450992
jagakarsa,2024-08-06,80.375,76.53893778138445
jagakarsa,2024-08-07,86.93885468263835,85.04153744025851
jagakarsa,2024-08-08,102.8000941017808,86.25431512670225
jagakarsa,2024-08-09,88.79769736842104,87.934979215199
jagakarsa,2024-08-10,82.35072075857633,83.35916591964272
jagakarsa,2024-08-11,78.66060115566695,84.58402689266264
jagakarsa,2024-08-12,73.65032807713729,76.15852564701034
jagakarsa,2024-08-13,89.61001593940644,74.76361178706325
jagakarsa,2024-08-14,94.50549422137702,85.7087753847224
jagakarsa,2024-08-15,96.3236566739269,87.49524393185006
jagakarsa,2024-08-16,91.67865555091431,87.36324838202226
jagakarsa,2024-08-17,102.02999711940885,83.24436206489129
jagakarsa,2024-08-18,99.4281839685192,87.19852827935316
jagakarsa,2024-08-19,89.03623207323865,86.22154677402003
jagakarsa,2024-08-20,93.73552998007426,85.38396905642678
jagakarsa,2024-08-21,102.10734703481828,81.95386763737964
jagakarsa,2024-08-22,92.71523350286044,85.93759573505527
jagakarsa,2024-08-23,85.45118293418733,82.65610843770334
jagakarsa,2024-08-24,92.30510013459576,74.95815249085258
jagakarsa,2024-08-25,89.09405436760471,85.05712422710886
jagakarsa,2024-08-26,86.70745004873294,84.86854744333644
jagakarsa,2024-08-27,99.45692065812676,83.20570296736675
jagakarsa,2024-08-28,86.40496630547928,85.78787168570827
jagakarsa,2024-08-29,91.02927708560932,84.4487363919917
jagakarsa,2024-08-30,89.48768350999025,86.35035061418755
jagakarsa,2024-08-31,73.99364568104289,80.88536509458342
jagakarsa,2024-09-01,79.35445977633478,77.48866149705773
jagakarsa,2024-09-02,80.57663682842583,82.17174476992786
jagakarsa,2024-09-03,74.88360767369814,82.65316674473023
jagakarsa,2024-09-04,72.604070941242,74.90595695161204
jagakarsa,2024-09-05,69.07851225285437,76.65748997856579
jagakarsa,2024-09-06,67.4430769416182,75.1951859193623
jagakarsa,2024-09-07,73.58674899053189,71.8205021704605
jagakarsa,2024-09-08,69.9318913603453,74.08880184780068
jagakarsa,2024-09-09,61.63427811426715,69.10753322953768
jagakarsa,2024-09-10,56.54642973173674,69.82155765722369
jagakarsa,2024-09-11,19.62422453600104,52.90109816624831
jagakarsa,2024-09-12,74.40803476494266,62.48004845762292
jagakarsa,2024-09-13,72.67063383284601,68.48425916645748
jagakarsa,2024-09-14,73.76124348984233,75.43604259090233
jagakarsa,2024-09-15,74.41421989832673,70.34563798392323
jagakarsa,2024-09-16,82.2707068990005,64.84158141455592
jagakarsa,2024-09-17,79.0202566475569,71.5066088743923
jagakarsa,2024-09-18,69.69567899600735,71.93415021061236
jagakarsa,2024-09-19,83.3462996372849,73.13154182836529
jagakarsa,2024-09-20,80.12987551556631,77.53934909357847
jagakarsa,2024-09-21,84.53225475436277,81.09409062035425
jagakarsa,2024-09-22,105.387111754069,82.16377755551106
jagakarsa,2024-09-23,88.20220995196325,90.63504633633926
jagakarsa,2024-09-24,79.19119040261491,82.65879738139984
jagakarsa,2024-09-25,82.08007650853045,82.0517532544577
jagakarsa,2024-09-26,67.43279680948943,85.1482906611133
jagakarsa,2024-09-27,68.80452415036434,72.79129430239932
jagakarsa,2024-09-28,79.07844060210456,76.95451622850649
jagakarsa,2024-09-29,87.91599094764815,83.0073960179513
jagakarsa,2024-09-30,75.06391347996635,80.30497989890841
jagakarsa,2024-10-01,88.16837861332398,79.29457076420927
jagakarsa,2024-10-02,86.45775898078527,92.8772800423515
jagakarsa,2024-10-03,81.16754311373673,85.06222733079993
jagakarsa,2024-10-04,76.83456906154275,84.65286489885789
jagakarsa,2024-10-05,71.1547938132368,82.17144165056307
jagakarsa,2024-10-06,72.04474161519119,77.17686784066223
jagakarsa,2024-10-07,107.21327035931331,76.70191083311796
jagakarsa,2024-10-08,77.7802372685185,85.54059779993773
jagakarsa,2024-10-09,76.67394621315769,81.68291367624279
jagakarsa,2024-10-10,83.45016687940885,80.41400546864485
jagakarsa,2024-10-11,89.67198693598357,83.84695230200488
jagakarsa,2024-10-12,76.10254289810247,88.43326031506976
jagakarsa,2024-10-13,87.49201611460255,78.02057492820519
jagakarsa,2024-10-14,101.49287920191402,84.26246047381333
jagakarsa,2024-10-15,81.82662199484228,87.45754072128804
jagakarsa,2024-10-16,79.47636296293534,82.62000386132097
jagakarsa,2024-10-17,77.15904892544201,77.76954355909056
jagakarsa,2024-10-18,66.53185511143816,77.78401781404841
jagakarsa,2024-10-19,78.50217120242603,75.09740062273994
jagakarsa,2024-10-20,78.34587333884271,74.95583145849186
jagakarsa,2024-10-21,61.33400033918367,75.12961910107573
jagakarsa,2024-10-22,79.72451416251633,75.37517724656817
jagakarsa,2024-10-23,73.17287283018389,78.60769734443424
jagakarsa,2024-10-24,72.64660321512767,72.89899620064548
jagakarsa,2024-10-25,74.473227617418,69.12137938663861
jagakarsa,2024-10-26,69.75500061095309,73.51202319802698
jagakarsa,2024-10-27,71.42731533582942,73.3663789498241
jagakarsa,2024-10-28,78.43922570780073,74.6512041425148
jagakarsa,2024-10-29,77.25169943818292,80.07592695454744
jagakarsa,2024-10-30,83.07927976223935,79.09323352347016
jagakarsa,2024-10-31,82.55063867578802,81.50154070525161
jagakarsa,2024-11-01,81.2694265120709,81.07087544743398
jagakarsa,2024-11-02,82.21523281583589,76.17212325401505
jagakarsa,2024-11-03,69.40947013247307,72.83870056452274
jagakarsa,2024-11-04,61.39922972112822,73.49524276778587
jagakarsa,2024-11-05,70.04059483198738,75.16467092916722
jagakarsa,2024-11-06,59.08534791840713,74.37059095298815
jagakarsa,2024-11-07,68.9089081159555,75.16424806728833
jagakarsa,2024-11-08,83.33815296342709,75.54995665417434
jagakarsa,2024-11-09,83.95587115823338,81.3350585985455
jagakarsa,2024-11-10,81.72445298607055,78.06342889986213
jagakarsa,2024-11-11,75.6797070034746,74.72527669033059
jagakarsa,2024-11-12,61.548035480373045,73.01656649186401
jagakarsa,2024-11-13,71.27375827686501,70.04462601081545
jagakarsa,2024-11-14,98.09541794300566,80.08058166034233
jagakarsa,2024-11-15,100.54884372152526,88.88814000732481
jagakarsa,2024-11-16,86.71462621165699,85.93220996358247
jagakarsa,2024-11-17,92.26860636520286,93.73189058500006
jagakarsa,2024-11-18,70.74492219213762,88.59262011421804
jagakarsa,2024-11-19,59.083333333333336,74.96119613657078
jagakarsa,2024-11-20,56.0,70.639708421751
jagakarsa,2024-11-21,70.40168493052995,68.58425866685916
jagakarsa,2024-11-22,58.89822145202604,72.42064776900601
jagakarsa,2024-11-23,60.71638105306576,55.67779752203425
jagakarsa,2024-11-24,55.739323714378536,63.75736338573713
jagakarsa,2024-11-25,52.31721384554576,50.62666805051654
jagakarsa,2024-11-26,60.713641743247,61.79897548835197
jagakarsa,2024-11-27,65.05478744860517,63.991919808859784
jagakarsa,2024-11-28,14.296016268349447,62.70661825868203
jagakarsa,2024-11-29,42.90405261272119,46.084872754538104
jagakarsa,2024-11-30,63.23157482078853,58.449651902573024
jagakarsa,2024-12-01,60.497549843189965,52.9455320003454
jagakarsa,2024-12-02,47.07384640732949,48.67994148350451
jagakarsa,2024-12-03,30.4152187637242,44.423154471265164
jagakarsa,2024-12-04,29.45158460444038,40.45176544876705
jagakarsa,2024-12-05,30.3026143521359,41.49340364813303
jagakarsa,2024-12-06,40.92721978627177,45.69770774876254
jagakarsa,2024-12-07,72.45980779757205,63.93583411069598
jagakarsa,2024-12-08,78.32503996623537,65.03201203207404
jagakarsa,2024-12-09,58.36785218535453,67.74803370728361
jagakarsa,2024-12-10,56.82617333401847,50.77497981592513
jagakarsa,2024-12-11,15.210541808009047,54.09864177333007
jagakarsa,2024-12-12,41.00664088878499,46.345334931495366
jagakarsa,2024-12-13,45.47879330943847,52.72201606167947
jagakarsa,2024-12-14,43.10838560334528,47.04293069556771
jagakarsa,2024-12-15,35.787074372759854,48.549765516574354
jagakarsa,2024-12-16,43.68310233872609,58.104679954402066
jagakarsa,2024-12-17,40.943619065416975,54.71663021816137
jagakarsa,2024-12-18,56.85467958838255,42.98058563228692
jagakarsa,2024-12-19,33.85290289749987,49.5777674156148
jagakarsa,2024-12-20,36.91248063064442,44.31295869042638
jagakarsa,2024-12-21,46.82403878589455,51.74351270052424
jagakarsa,2024-12-22,53.29772282969287,59.48717608241703
jagakarsa,2024-12-23,50.77830173478426,59.06609344275211
jagakarsa,2024-12-24,62.209120247736166,52.396341113796986
jagakarsa,2024-12-25,46.52348367630179,56.09938731803075
jagakarsa,2024-12-26,57.37130883989264,44.60451096036247
jagakarsa,2024-12-27,67.63462818904925,53.65332699991663
jagakarsa,2024-12-28,66.13034234552445,65.5053063664661
jagakarsa,2024-12-29,61.135680083942844,63.57406173224323
jagakarsa,2024-12-30,55.14171787129809,49.45292365382854
jagakarsa,2024-12-31,42.30889999182169,49.225897752369065
jagakarsa,2025-01-01,68.84644277990095,62.54904253858957
kebun jeruk,2024-07-22,67.55691373162325,73.07847422795886
kebun jeruk,2024-07-23,84.36978014890165,77.23066721921742
kebun jeruk,2024-07-24,92.61286897800056,90.67396554217913
kebun jeruk,2024-07-25,84.48956779820072,84.72672558044638
kebun jeruk,2024-07-26,84.22749028034703,86.8192597672844
kebun jeruk,2024-07-27,91.33101271697764,84.65137242869255
kebun jeruk,2024-07-28,97.91636733480176,93.7032456942584
kebun jeruk,2024-07-29,93.73923524087998,89.21501771618001
kebun jeruk,2024-07-30,94.73397727175572,96.91209390439518
kebun jeruk,2024-07-31,105.26392732409728,98.18341690755281
kebun jeruk,2024-08-01,101.58477478304184,101.83891669607952
kebun jeruk,2024-08-02,95.11625615490748,84.73106372068405
kebun jeruk,2024-08-03,70.06436084424023,82.51943229010831
kebun jeruk,2024-08-04,78.41495365671385,78.2453245204117
kebun jeruk,2024-08-05,50.944394476736,78.6444671295042
kebun jeruk,2024-08-06,78.58333333333333,56.411101076675536
kebun jeruk,2024-08-07,88.81832828238157,81.92328806254966
kebun jeruk,2024-08-08,103.7240511616674,92.13404644683847
kebun jeruk,2024-08-09,100.9184941520468,89.06223776315483
kebun jeruk,2024-08-10,86.29999676335086,85.84743488106001
kebun jeruk,2024-08-11,85.7610823934837,90.2990301987027
kebun jeruk,2024-08-12,84.0785209551657,83.74951188606863
kebun jeruk,2024-08-13,96.5376293667282,80.12590414914779
kebun jeruk,2024-08-14,106.27150555535376,98.6327749030471
kebun jeruk,2024-08-15,100.46344836169006,100.9261630230111
kebun jeruk,2024-08-16,101.92546470342523,90.05380938689817
kebun jeruk,2024-08-17,103.34121658690806,90.54334849776906
kebun jeruk,2024-08-18,102.61008693194628,88.68117381535771
kebun jeruk,2024-08-19,94.58967079156224,97.74492746768871
kebun jeruk,2024-08-20,99.432045643779,103.39954294698786
kebun jeruk,2024-08-21,113.07176859134312,100.94747323244137
kebun jeruk,2024-08-22,92.68900767543862,88.83886218774478
kebun jeruk,2024-08-23,79.9238054627309,89.0616942562324
kebun jeruk,2024-08-24,96.07470934280146,101.71346125772548
kebun jeruk,2024-08-25,99.17732533437346,88.09184259924376
kebun jeruk,2024-08-26,96.22844437482594,96.34289065967658
kebun jeruk,2024-08-27,113.444063283208,92.27946412027804
kebun jeruk,2024-08-28,91.19602671112304,89.51784488295367
kebun jeruk,2024-08-29,102.92759643499777,95.87242871591218
kebun jeruk,2024-08-30,117.72009396320658,101.63938002660211
kebun jeruk,2024-08-31,79.63790607160263,84.31137224915396
kebun jeruk,2024-09-01,88.65085267516618,87.09050083366556
kebun jeruk,2024-09-02,84.17113266647259,91.3604172250965
kebun jeruk,2024-09-03,90.01477797503019,89.43675539003759
kebun jeruk,2024-09-04,84.01551912187877,78.98002717504913
kebun jeruk,2024-09-05,79.98409217488165,85.08639271606062
kebun jeruk,2024-09-06,80.91470145872988,75.141552918274
kebun jeruk,2024-09-07,78.35354590179152,75.60049620876524
kebun jeruk,2024-09-08,78.24056560672514,73.12965990145915
kebun jeruk,2024-09-09,67.18589007240323,67.53817950589308
kebun jeruk,2024-09-10,75.1626053808463,71.9613632947703
kebun jeruk,2024-09-11,68.08625042061172,73.44871622797
kebun jeruk,2024-09-12,88.36898083927882,74.64055016592208
kebun jeruk,2024-09-13,86.15359289427272,86.90380015593513
kebun jeruk,2024-09-14,86.18998808384468,83.64747573765362
kebun jeruk,2024-09-15,84.19342920631894,83.10045564197063
kebun jeruk,2024-09-16,90.1896115536858,78.0423313298124
kebun jeruk,2024-09-17,86.89115112723941,76.20720003227386
kebun jeruk,2024-09-18,79.41865287033873,77.34222845803704
kebun jeruk,2024-09-19,83.42783679383763,73.87288759441473
kebun jeruk,2024-09-20,82.07452381882598,77.68473212393732
kebun jeruk,2024-09-21,93.10915099144208,89.17277244453436
kebun jeruk,2024-09-22,103.17024155862885,92.27554549173898
kebun jeruk,2024-09-23,94.18395332466972,96.74935379279464
kebun jeruk,2024-09-24,87.46526318860877,92.48456661130382
kebun jeruk,2024-09-25,99.52051353860564,91.37694516826565
kebun jeruk,2024-09-26,82.24070585200772,90.5731892887096
kebun jeruk,2024-09-27,81.16678142839739,82.78627426564594
kebun jeruk,2024-09-28,93.88849842139616,87.13182031865799
kebun jeruk,2024-09-29,86.69971071088088,89.65887287646588
kebun jeruk,2024-09-30,77.7276262593028,80.94411406784162
kebun jeruk,2024-10-01,96.06989738766282,81.61571738301011
kebun jeruk,2024-10-02,92.37317879962252,91.34242273598802
kebun jeruk,2024-10-03,92.78828146755778,94.03559647579408
kebun jeruk,2024-10-04,92.15633992388378,90.05043285421074
kebun jeruk,2024-10-05,81.33379165506359,85.64132272912897
kebun jeruk,2024-10-06,77.89472678829861,87.0004035975222
kebun jeruk,2024-10-07,111.29682520344068,73.98946543790791
kebun jeruk,2024-10-08,84.86252271376388,79.91612667686047
kebun jeruk,2024-10-09,79.78470409240695,83.96284268973955
kebun jeruk,2024-10-10,81.9469353929308,89.48797478630816
kebun jeruk,2024-10-11,88.13094882368614,82.57206529064565
kebun jeruk,2024-10-12,79.05321046545066,84.22565794494999
kebun jeruk,2024-10-13,90.05225474057573,81.74489090501909
kebun jeruk,2024-10-14,96.739585778501,92.35955133444698
kebun jeruk,2024-10-15,80.09722025836489,86.24530129163762
kebun jeruk,2024-10-16,74.56488974901029,81.05180664161576
kebun jeruk,2024-10-17,75.52736959567359,72.34683738146629
kebun jeruk,2024-10-18,63.232310215950285,72.26729993835337
kebun jeruk,2024-10-19,59.675621619386185,73.74896936805571
kebun jeruk,2024-10-20,76.88487892826568,60.93954255252178
kebun jeruk,2024-10-21,63.12278331004836,73.92644863123297
kebun jeruk,2024-10-22,85.72600999333257,65.97594494784157
kebun jeruk,2024-10-23,85.58764581261418,81.1403778979137
kebun jeruk,2024-10-24,72.49470361751467,84.66600943989341
kebun jeruk,2024-10-25,75.57524183454602,73.67849361655095
kebun jeruk,2024-10-26,74.04067330268076,71.00029211241214
kebun jeruk,2024-10-27,71.3040761719308,72.96763238763833
kebun jeruk,2024-10-28,77.18504378732219,73.79527816862796
kebun jeruk,2024-10-29,77.01399660422918,79.08699342669293
kebun jeruk,2024-10-30,82.41915021963854,75.77956817668752
kebun jeruk,2024-10-31,82.84413378711402,84.23942894633923
kebun jeruk,2024-11-01,93.17574242092245,83.79512584623117
kebun jeruk,2024-11-02,94.43275724032304,88.06584086641024
kebun jeruk,2024-11-03,79.12539749225873,85.0779075104322
kebun jeruk,2024-11-04,71.7254188712522,82.82538784749809
kebun jeruk,2024-11-05,78.0544024993038,74.0227773238504
kebun jeruk,2024-11-06,77.2462565557412,74.46379658761788
kebun jeruk,2024-11-07,91.96518407724156,82.0600029044086
kebun jeruk,2024-11-08,107.00481963009376,87.95389068228596
kebun jeruk,2024-11-09,47.42584351767466,97.7696017006497
kebun jeruk,2024-11-10,81.63500306563529,52.57553921130167
kebun jeruk,2024-11-11,74.50268816081477,89.81975962696465
kebun jeruk,2024-11-12,62.17445025088594,71.22208290329486
kebun jeruk,2024-11-13,98.61963937621832,73.95566870821109
kebun jeruk,2024-11-14,116.526193957115,103.49859512594874
kebun jeruk,2024-11-15,127.10416666666664,101.70380809393505
kebun jeruk,2024-11-16,127.745755130931,89.35244811884195
kebun jeruk,2024-11-17,147.6182069253246,93.27341811322496
kebun jeruk,2024-11-18,94.6283586874162,86.14542072560826
kebun jeruk,2024-11-19,71.54102565372588,88.60619699752286
kebun jeruk,2024-11-20,57.98831679073615,71.30946812104773
kebun jeruk,2024-11-21,69.26512453675336,69.73696690963735
kebun jeruk,2024-11-22,51.663364107297504,66.10983282683985
kebun jeruk,2024-11-23,6.376847926879758,47.13608206767563
kebun jeruk,2024-11-24,6.6873274041585455,31.60900945638664
kebun jeruk,2024-11-25,8.451206799873113,21.406620342128075
kebun jeruk,2024-11-26,52.80415593381602,16.89294488766161
kebun jeruk,2024-11-27,59.316381696219146,47.36731874405013
kebun jeruk,2024-11-28,44.01385407964355,52.24658224316935
kebun jeruk,2024-11-29,45.46041733117428,38.292897575397035
kebun jeruk,2024-11-30,27.31444145758661,35.69421218837966
kebun jeruk,2024-12-01,29.73613044568185,28.721460483881536
kebun jeruk,2024-12-02,25.687696012544805,29.623230689991882
kebun jeruk,2024-12-03,23.14220413136744,26.518158720731652
kebun jeruk,2024-12-04,29.708631786600947,20.961768019913507
kebun jeruk,2024-12-05,27.48094502259296,30.335389756345744
kebun jeruk,2024-12-06,42.2275412814904,33.33536604454042
kebun jeruk,2024-12-07,73.00667186268862,41.34032156212397
kebun jeruk,2024-12-08,77.42814040383729,64.89201465531119
kebun jeruk,2024-12-09,58.77948656849416,65.28001870425396
kebun jeruk,2024-12-10,49.8309702414104,56.61085810950404
kebun jeruk,2024-12-11,21.752233920748704,37.28063735717151
kebun jeruk,2024-12-12,30.339649858803075,26.474863452170858
kebun jeruk,2024-12-13,33.614004629629626,36.832130081871114
kebun jeruk,2024-12-14,32.69996885861301,31.422617758964297
kebun jeruk,2024-12-15,32.55988383256528,34.65004036507116
kebun jeruk,2024-12-16,33.445465374764574,34.6417311959213
kebun jeruk,2024-12-17,37.94560185185185,34.59000518104413
kebun jeruk,2024-12-18,29.31972446236559,37.15780646615985
kebun jeruk,2024-12-19,22.34132564430433,34.779077431086804
kebun jeruk,2024-12-20,34.00275756778869,24.038935329008375
kebun jeruk,2024-12-21,41.82448152879236,35.057875132469285
kebun jeruk,2024-12-22,51.48390852642266,44.45463057118073
kebun jeruk,2024-12-23,51.21094312428172,50.868512926068306
kebun jeruk,2024-12-24,61.54289621296597,49.54507819752888
kebun jeruk,2024-12-25,47.40937899734077,56.316109929291564
kebun jeruk,2024-12-26,57.444836575442416,34.49667508717706
kebun jeruk,2024-12-27,54.36589089703057,58.95377279093642
kebun jeruk,2024-12-28,66.1185394432188,54.665108644414865
kebun jeruk,2024-12-29,61.51984653492693,63.72607619956703
kebun jeruk,2024-12-30,54.623000212112856,55.393748771187504
kebun jeruk,2024-12-31,28.21601026910167,49.57365731838976
kebun jeruk,2025-01-01,46.81507739545051,38.599081289300166
kelapa gading,2024-07-22,64.18040875585127,86.92977377484137
kelapa gading,2024-07-23,67.65330292082719,73.95245555906628
kelapa gading,2024-07-24,107.91470864661652,78.1888215329447
kelapa gading,2024-07-25,93.85633126772107,92.24856500466505
kelapa gading,2024-07-26,85.72117487909202,92.48673020685821
kelapa gading,2024-07-27,98.32176989541756,88.58879511967292
kelapa gading,2024-07-28,98.92824701357388,95.86002120222437
kelapa gading,2024-07-29,93.18957332567533,90.25775813638187
kelapa gading,2024-07-30,95.4522718003156,95.39048133661852
kelapa gading,2024-07-31,107.73421618281816,93.60743941957145
kelapa gading,2024-08-01,94.44169916273351,99.0093509799082
kelapa gading,2024-08-02,90.38581024847474,89.73025399465976
kelapa gading,2024-08-03,71.56484631803501,86.74221916789949
kelapa gading,2024-08-04,77.37284651921198,77.4334795046857
kelapa gading,2024-08-05,79.8004206479741,77.89064868928625
kelapa gading,2024-08-06,78.99564884433305,80.19488405426655
kelapa gading,2024-08-07,67.04057887774992,86.13788075969154
kelapa gading,2024-08-08,105.48706614033505,76.3823039965471
kelapa gading,2024-08-09,93.83078355611252,91.85945865636747
kelapa gading,2024-08-10,85.45750859849427,88.68018419005435
kelapa gading,2024-08-11,79.24340799916457,88.21073440786641
kelapa gading,2024-08-12,82.35802245999615,78.41949626701522
kelapa gading,2024-08-13,91.9057348479664,79.93071771250052
kelapa gading,2024-08-14,98.3508826521964,92.39392299148304
kelapa gading,2024-08-15,94.06789029075216,94.40816248753887
kelapa gading,2024-08-16,92.99678594634736,90.80837847616408
kelapa gading,2024-08-17,95.07339600751716,87.15578569710227
kelapa gading,2024-08-18,89.27418843694886,90.80565543709487
kelapa gading,2024-08-19,86.66096012600947,88.69299606611882
kelapa gading,2024-08-20,88.17445896806909,91.46463916152867
kelapa gading,2024-08-21,99.9156114506805,92.11744378267126
kelapa gading,2024-08-22,97.10405353661936,90.06791616360009
kelapa gading,2024-08-23,78.85022306924719,95.37228787341863
kelapa gading,2024-08-24,94.35304007994525,81.60284785443373
kelapa gading,2024-08-25,96.00117843799312,88.42560830343912
kelapa gading,2024-08-26,81.98814745196324,87.86364633066268
kelapa gading,2024-08-27,102.17287395282187,84.79822568571831
kelapa gading,2024-08-28,96.36590535946344,96.35346338864547
kelapa gading,2024-08-29,92.86900806815828,94.73674924563007
kelapa gading,2024-08-30,101.05428519939896,93.64161995299372
kelapa gading,2024-08-31,79.62442727913533,89.98997372739265
kelapa gading,2024-09-01,75.34609527290449,77.16313749607298
kelapa gading,2024-09-02,82.40701461671857,80.03622591255626
kelapa gading,2024-09-03,99.65145212568456,82.17382796602723
kelapa gading,2024-09-04,90.9658376264736,85.94680234568573
kelapa gading,2024-09-05,74.07274262044,88.93568476635953
kelapa gading,2024-09-06,76.34449547014182,81.30643626898119
kelapa gading,2024-09-07,78.54107200872552,81.76157535997466
kelapa gading,2024-09-08,77.57025666016894,79.90215228485982
kelapa gading,2024-09-09,70.64204927828831,69.15452444699588
kelapa gading,2024-09-10,75.27102369639375,75.27241236591757
kelapa gading,2024-09-11,66.95315333431131,77.76513010675046
kelapa gading,2024-09-12,77.8747892694979,70.49041681475259
kelapa gading,2024-09-13,76.15454615996009,71.61776196053364
kelapa gading,2024-09-14,84.62057414949412,77.10561077870183
kelapa gading,2024-09-15,82.91670652073016,84.32704699492095
kelapa gading,2024-09-16,81.59202917791207,78.57803230551757
kelapa gading,2024-09-17,86.59388452322936,80.44799947675033
kelapa gading,2024-09-18,80.04479431490957,85.00403754722035
kelapa gading,2024-09-19,85.12650766935882,79.56059594556594
kelapa gading,2024-09-20,82.52701454254371,84.62181017599028
kelapa gading,2024-09-21,43.44796812237876,83.9251419177006
kelapa gading,2024-09-22,102.80175610400892,61.81096170811059
kelapa gading,2024-09-23,90.13774238354377,96.59705939161881
kelapa gading,2024-09-24,78.16006743218729,85.79855699080049
kelapa gading,2024-09-25,88.7125982946785,75.86043848259501
kelapa gading,2024-09-26,78.73585286484233,83.307103611118
kelapa gading,2024-09-27,78.22092503393903,74.63935835423642
kelapa gading,2024-09-28,75.23289506499783,85.43961285651305
kelapa gading,2024-09-29,87.35196334246989,81.28825413399179
kelapa gading,2024-09-30,76.89439683571077,86.25573881611744
kelapa gading,2024-10-01,83.23532990600398,78.40005243176252
kelapa gading,2024-10-02,89.91513505987189,86.15716311109543
kelapa gading,2024-10-03,92.12439638473472,90.68709102452917
kelapa gading,2024-10-04,84.45877915943706,89.9668300204253
kelapa gading,2024-10-05,80.66447948575141,80.27105486699544
kelapa gading,2024-10-06,76.25307494852451,83.2802167082904
kelapa gading,2024-10-07,103.40680922019556,80.96881140049018
kelapa gading,2024-10-08,87.90703341521792,91.23197048736789
kelapa gading,2024-10-09,76.47782947455192,90.03446832687307
kelapa gading,2024-10-10,82.69622239277726,80.41877728019948
kelapa gading,2024-10-11,87.98679624969327,84.26103947806007
kelapa gading,2024-10-12,79.32349115014289,90.71751114956209
kelapa gading,2024-10-13,88.44608049671224,81.02469969792901
kelapa gading,2024-10-14,97.5468297489113,91.537796900918
kelapa gading,2024-10-15,77.66581273363553,91.6800224338597
kelapa gading,2024-10-16,78.8834521108798,79.68587451435923
kelapa gading,2024-10-17,76.74753922351648,80.54231833949518
kelapa gading,2024-10-18,68.59164546051944,79.46469755704017
kelapa gading,2024-10-19,92.94431074529756,78.6460851269044
kelapa gading,2024-10-20,78.08597004912768,85.02473689362087
kelapa gading,2024-10-21,63.05047168836353,75.92994310519366
kelapa gading,2024-10-22,89.92900336391973,75.46694522297982
kelapa gading,2024-10-23,91.4324514756139,87.61113317510681
kelapa gading,2024-10-24,72.55247634466343,85.32052225108448
kelapa gading,2024-10-25,73.74336774831828,73.13871383021085
kelapa gading,2024-10-26,72.45379503717068,76.76836831508075
kelapa gading,2024-10-27,71.38653501992839,76.38035292288096
kelapa gading,2024-10-28,77.60316743565697,76.19514108445884
kelapa gading,2024-10-29,77.78806449796491,79.78406208815639
kelapa gading,2024-10-30,84.51938779022063,82.7444753693254
kelapa gading,2024-10-31,82.36852497478779,90.60331615874685
kelapa gading,2024-11-01,86.8234975245764,86.29168094802303
kelapa gading,2024-11-02,89.92420431866704,81.65784259740725
kelapa gading,2024-11-03,69.65115198265138,79.6165762698732
kelapa gading,2024-11-04,66.80373097094588,75.52813265157936
kelapa gading,2024-11-05,68.12385455827068,76.46798886341928
kelapa gading,2024-11-06,66.20737462870137,76.22033209713105
kelapa gading,2024-11-07,78.82057068989876,77.11648435829451
kelapa gading,2024-11-08,91.69884636359416,79.64809289181065
kelapa gading,2024-11-09,96.10709475269964,89.21400842243133
kelapa gading,2024-11-10,80.99917164007695,88.24542140468016
kelapa gading,2024-11-11,74.8794860277922,74.82987403260796
kelapa gading,2024-11-12,60.64804243590613,74.29027278384002
kelapa gading,2024-11-13,77.3359179197995,74.28241437320033
kelapa gading,2024-11-14,94.22882727652464,85.88302053216637
kelapa gading,2024-11-15,106.71613734551556,92.58138079170233
kelapa gading,2024-11-16,104.65932263967868,84.25735603087769
kelapa gading,2024-11-17,128.1157006596604,91.69804746911163
kelapa gading,2024-11-18,81.04154255402322,91.28696701882826
kelapa gading,2024-11-19,68.2467366332498,77.35730787402316
kelapa gading,2024-11-20,64.73287784615246,69.17653637417668
kelapa gading,2024-11-21,70.45855870241203,73.14349804081337
kelapa gading,2024-11-22,59.16238543957135,63.54385511610434
kelapa gading,2024-11-23,55.61103621849236,59.49129156815717
kelapa gading,2024-11-24,52.21384624756336,68.1051275214335
kelapa gading,2024-11-25,48.25551370960256,49.368473600170475
kelapa gading,2024-11-26,61.252368479068046,57.447090582032324
kelapa gading,2024-11-27,61.77399939242044,66.70692357780622
kelapa gading,2024-11-28,46.32570495343128,61.412346044648594
kelapa gading,2024-11-29,52.54133339604812,41.524042137321125
kelapa gading,2024-11-30,38.469888739546,56.03075982482676
kelapa gading,2024-12-01,39.75698178016726,39.391665906662965
kelapa gading,2024-12-02,30.19063282283655,40.84226920154133
kelapa gading,2024-12-03,22.68724562271853,40.59473327828798
kelapa gading,2024-12-04,30.01154068562833,42.76731658573056
kelapa gading,2024-12-05,30.06930369554173,43.845894052667376
kelapa gading,2024-12-06,42.47155035811266,45.390432429357446
kelapa gading,2024-12-07,72.60374998552801,63.144447204120524
kelapa gading,2024-12-08,77.9642428417729,63.04113111235918
kelapa gading,2024-12-09,58.032414807771794,61.96919017870309
kelapa gading,2024-12-10,49.13809141874748,53.56340101006967
kelapa gading,2024-12-11,16.63878932696137,50.269139453961486
kelapa gading,2024-12-12,37.86047153394628,44.686619827939154
kelapa gading,2024-12-13,45.91634931302269,43.0315896801066
kelapa gading,2024-12-14,49.21792861409797,43.642180981217805
kelapa gading,2024-12-15,34.232631739495154,48.33440372069993
kelapa gading,2024-12-16,32.659719951922376,50.727835308547114
kelapa gading,2024-12-17,39.527217355945865,52.7626959419878
kelapa gading,2024-12-18,37.91328778375149,46.62976520633539
kelapa gading,2024-12-19,23.756729186826828,46.435333879631486
kelapa gading,2024-12-20,36.67437162355203,42.73042458691493
kelapa gading,2024-12-21,43.12402949103564,43.95652624928187
kelapa gading,2024-12-22,53.45689351337088,60.051915596234615
kelapa gading,2024-12-23,53.27361823836099,59.20975341969052
kelapa gading,2024-12-24,59.95474489431752,52.448481211224426
kelapa gading,2024-12-25,46.25133713544441,57.78913580182064
kelapa gading,2024-12-26,56.99006554477557,48.79113129434197
kelapa gading,2024-12-27,53.930668510379824,60.12031582875788
kelapa gading,2024-12-28,66.06590839332942,60.67450697874649
kelapa gading,2024-12-29,61.30333696206177,60.81445493584877
kelapa gading,2024-12-30,55.55089061439551,54.5730041950089
kelapa gading,2024-12-31,33.69828974104848,51.135578467291495
kelapa gading,2025-01-01,58.827882648798514,58.29230046354035
lubang buaya,2024-07-22,80.32001962578404,83.0656078502066
lubang buaya,2024-07-23,81.7245298704277,83.02271403559081
lubang buaya,2024-07-24,85.84350633528265,84.18625722796574
lubang buaya,2024-07-25,74.31621260721509,81.4585555885124
lubang buaya,2024-07-26,76.26292965102708,84.03853802628267
lubang buaya,2024-07-27,89.17511854481883,83.49179918793016
lubang buaya,2024-07-28,91.653651571814,88.25365135618306
lubang buaya,2024-07-29,92.86322464988638,91.85244073031973
lubang buaya,2024-07-30,85.75094422417304,96.84949876319867
lubang buaya,2024-07-31,106.613914394949,84.50500646989816
lubang buaya,2024-08-01,89.54857094925366,101.07001661353026
lubang buaya,2024-08-02,76.75767543859651,87.19438855092966
lubang buaya,2024-08-03,62.15817176041957,81.28741166239416
lubang buaya,2024-08-04,52.78211867574291,79.13097181398928
lubang buaya,2024-08-05,67.77866396314862,65.61049831552346
lubang buaya,2024-08-06,76.83333333333333,77.0312897577574
lubang buaya,2024-08-07,80.94332828238157,87.59052698183908
lubang buaya,2024-08-08,91.79797555598653,86.05892965910935
lubang buaya,2024-08-09,87.16666666666667,88.77832141174767
lubang buaya,2024-08-10,75.8948608663995,84.19524833752367
lubang buaya,2024-08-11,71.64292676134782,83.41857034673679
lubang buaya,2024-08-12,67.56967505569479,79.64678623826899
lubang buaya,2024-08-13,84.41318646732573,71.17003367847614
lubang buaya,2024-08-14,86.2476090084309,83.91422253473873
lubang buaya,2024-08-15,88.08009488683832,89.50126852499642
lubang buaya,2024-08-16,85.40958008447045,88.36959291533469
lubang buaya,2024-08-17,91.48310342205149,85.00322287050751
lubang buaya,2024-08-18,89.73946077578205,92.57816357499013
lubang buaya,2024-08-19,83.81415996588694,89.96861821859615
lubang buaya,2024-08-20,88.07895239899982,88.14916903919568
lubang buaya,2024-08-21,95.5762292498221,91.14242125680744
lubang buaya,2024-08-22,97.2938908324051,94.93696219157118
lubang buaya,2024-08-23,103.90377854358115,97.3924049791663
lubang buaya,2024-08-24,86.2425134740787,98.41719528231057
lubang buaya,2024-08-25,87.17151654155812,88.52725394429719
lubang buaya,2024-08-26,77.31289643862743,87.29731651212914
lubang buaya,2024-08-27,85.68588137009188,88.07249678927323
lubang buaya,2024-08-28,83.01986426880693,88.80093833763145
lubang buaya,2024-08-29,112.19155293415162,85.70092039490989
lubang buaya,2024-08-30,91.40069520589668,102.89406907850467
lubang buaya,2024-08-31,117.42124480762092,93.7609195738375
lubang buaya,2024-09-01,87.89592193868509,97.81808379315365
lubang buaya,2024-09-02,15.407619351020204,84.22026691980653
lubang buaya,2024-09-03,73.292877375731,79.65725878068012
lubang buaya,2024-09-04,76.09656374733129,86.43547210231571
lubang buaya,2024-09-05,110.97726956279588,87.2060865486574
lubang buaya,2024-09-06,72.09709118673807,101.79637401593895
lubang buaya,2024-09-07,86.60961866471735,82.41830922087514
lubang buaya,2024-09-08,85.03720093056715,80.85222868947676
lubang buaya,2024-09-09,66.23691172375383,76.96640252010133
lubang buaya,2024-09-10,61.28981126137103,81.13229084411321
lubang buaya,2024-09-11,55.150100729253694,68.4321855175957
lubang buaya,2024-09-12,65.58933502932229,63.432409387881584
lubang buaya,2024-09-13,61.05880441845354,70.0232795119636
lubang buaya,2024-09-14,67.21261572755542,68.96157951328544
lubang buaya,2024-09-15,71.37137618099193,75.0756493956136
lubang buaya,2024-09-16,71.16656679728422,79.05334995241488
lubang buaya,2024-09-17,69.9827367898914,83.67182083696277
lubang buaya,2024-09-18,62.913886123411295,78.13975417571598
lubang buaya,2024-09-19,85.14379074093195,62.06000344161264
lubang buaya,2024-09-20,75.9277030701882,78.74992951440252
lubang buaya,2024-09-21,70.99242148353933,83.46257371822958
lubang buaya,2024-09-22,103.52430956982352,80.88725663096578
lubang buaya,2024-09-23,75.65977769945695,97.85184677261877
lubang buaya,2024-09-24,68.82881755894365,81.16535938278633
lubang buaya,2024-09-25,69.97607993611675,80.9417615647966
lubang buaya,2024-09-26,60.33976900945564,81.66253583805825
lubang buaya,2024-09-27,57.92254670965608,68.61379105759609
lubang buaya,2024-09-28,64.30927725980108,64.52451319179744
lubang buaya,2024-09-29,88.61145543175866,68.40388591348477
lubang buaya,2024-09-30,74.29086164777675,81.8616668199581
lubang buaya,2024-10-01,95.4981717376278,84.54002227343214
lubang buaya,2024-10-02,32.77297717332545,94.36972590529658
lubang buaya,2024-10-03,83.16328146755778,68.7045791009119
lubang buaya,2024-10-04,71.92258189544374,83.37296914582672
lubang buaya,2024-10-05,65.5079870642214,84.26393039500135
lubang buaya,2024-10-06,59.33699778339698,72.75352329471077
lubang buaya,2024-10-07,80.65734963372937,58.1149318209561
lubang buaya,2024-10-08,69.91761067548366,84.3622539981462
lubang buaya,2024-10-09,63.11148392317347,80.91626801347383
lubang buaya,2024-10-10,83.40688882597736,70.68811699802065
lubang buaya,2024-10-11,92.27833110555272,80.42359644892868
lubang buaya,2024-10-12,79.51802834777227,87.49058906917699
lubang buaya,2024-10-13,89.73789803045388,80.73807615940876
lubang buaya,2024-10-14,98.81732391720324,93.06627967434997
lubang buaya,2024-10-15,77.45600878537519,96.06116026277591
lubang buaya,2024-10-16,75.34829242596176,83.452211047135
lubang buaya,2024-10-17,78.58353786651475,85.05490297904569
lubang buaya,2024-10-18,60.99719292410521,82.97242793401773
lubang buaya,2024-10-19,68.10671981980248,80.01695063263891
lubang buaya,2024-10-20,80.34719678282745,70.69056964215588
lubang buaya,2024-10-21,65.13204109170812,84.27606431320886
lubang buaya,2024-10-22,79.71285228368409,72.62847657355131
lubang buaya,2024-10-23,65.78032024868682,84.56731653397091
lubang buaya,2024-10-24,73.18352062021987,67.0873762055568
lubang buaya,2024-10-25,75.87057048072414,78.64094550164303
lubang buaya,2024-10-26,65.8889942217853,85.12883552357009
lubang buaya,2024-10-27,69.44393478317606,71.19384361536528
lubang buaya,2024-10-28,77.01728705490036,82.39245171577103
lubang buaya,2024-10-29,76.75401519198952,86.67755990290382
lubang buaya,2024-10-30,84.79507726609751,87.79213036681784
lubang buaya,2024-10-31,82.83700885067505,85.6687343987125
lubang buaya,2024-11-01,73.30762299661764,80.83143802409549
lubang buaya,2024-11-02,70.14005064745196,69.97842045465003
lubang buaya,2024-11-03,60.015140230068646,70.64197736163416
lubang buaya,2024-11-04,52.60770104825557,73.18158846088922
lubang buaya,2024-11-05,51.04059483198738,72.45121069986047
lubang buaya,2024-11-06,38.78792322240787,62.58647893196677
lubang buaya,2024-11-07,63.35461584592857,70.40975501337705
lubang buaya,2024-11-08,65.599041005291,68.995011839228
lubang buaya,2024-11-09,74.4278025266238,76.21381584996143
lubang buaya,2024-11-10,81.09063978282356,73.4483745824304
lubang buaya,2024-11-11,76.9487798453713,72.46575494025592
lubang buaya,2024-11-12,57.42352778696327,78.17368285184712
lubang buaya,2024-11-13,61.776438588755845,70.48266198083216
lubang buaya,2024-11-14,66.72503016801262,73.4422425373033
lubang buaya,2024-11-15,74.42988547758283,78.19139248684442
lubang buaya,2024-11-16,62.79805491990847,79.7146412206552
lubang buaya,2024-11-17,75.70593288273012,75.8865009047201
lubang buaya,2024-11-18,53.92042606516292,77.10737823291133
lubang buaya,2024-11-19,53.95769232039255,71.84424647764041
lubang buaya,2024-11-20,52.23831679073615,66.60043343919605
lubang buaya,2024-11-21,70.97656201835578,66.50372417360329
lubang buaya,2024-11-22,50.5249957255138,82.93137368334456
lubang buaya,2024-11-23,51.983234916402,54.877079061585825
lubang buaya,2024-11-24,44.0296574770259,63.87412307363056
lubang buaya,2024-11-25,32.55378327838712,54.15168027814707
lubang buaya,2024-11-26,51.22082260048269,63.68753728333449
lubang buaya,2024-11-27,51.15938273657634,64.0513351069734
lubang buaya,2024-11-28,32.06227327371008,60.36875536961704
lubang buaya,2024-11-29,35.03254852284272,47.78117223303645
lubang buaya,2024-11-30,35.342797939068106,66.17432689943519
lubang buaya,2024-12-01,33.128988588603,47.823874634476795
lubang buaya,2024-12-02,22.41989785385481,46.418986778515475
lubang buaya,2024-12-03,16.146510652044046,47.57594555954863
lubang buaya,2024-12-04,28.6160225738928,47.65679699096006
lubang buaya,2024-12-05,27.53149259963026,49.83044047446522
lubang buaya,2024-12-06,44.44439793294752,53.613770398807176
lubang buaya,2024-12-07,73.45577712696202,69.60453009744307
lubang buaya,2024-12-08,78.37393013873138,70.7140841029479
lubang buaya,2024-12-09,60.65945635294338,63.564764741398115
lubang buaya,2024-12-10,42.05905751067484,49.8879345886687
lubang buaya,2024-12-11,12.967333020424428,55.72469961991115
lubang buaya,2024-12-12,25.480315145966436,47.318357269663906
lubang buaya,2024-12-13,20.5514486260454,50.88405937700655
lubang buaya,2024-12-14,24.429418513087867,42.77068380621573
lubang buaya,2024-12-15,20.55594043125143,45.28158901381548
lubang buaya,2024-12-16,23.3239154141888,59.81493648673927
lubang buaya,2024-12-17,17.932539015830347,61.32562986036924
lubang buaya,2024-12-18,29.00395758661888,49.61584718438338
lubang buaya,2024-12-19,19.76250690510142,47.143863852320074
lubang buaya,2024-12-20,23.572648214703133,48.983161456484154
lubang buaya,2024-12-21,43.01383410335523,54.011265797793165
lubang buaya,2024-12-22,52.695331087148894,70.15266447907437
lubang buaya,2024-12-23,52.24920483492422,67.70356287250264
lubang buaya,2024-12-24,61.7306723223761,56.6224293852655
lubang buaya,2024-12-25,46.5342039076638,59.24477645358937
lubang buaya,2024-12-26,60.68059483587006,51.669037897902626
lubang buaya,2024-12-27,47.10206948086525,65.38892210053706
lubang buaya,2024-12-28,66.95454572266883,61.46048409847944
lubang buaya,2024-12-29,60.6780701257976,66.51756424646584
lubang buaya,2024-12-30,54.63273551477048,51.28823247219694
lubang buaya,2024-12-31,23.398916136693355,48.45787159689332
lubang buaya,2025-01-01,34.73490775644576,62.02014106583134
us embassy 1,2024-07-22,76.98398157212164,81.5431690784143
us embassy 1,2024-07-23,81.38140742138103,82.48400943748682
us embassy 1,2024-07-24,91.22163053793857,81.01327419541899
us embassy 1,2024-07-25,89.04638023397821,83.7670652382285
us embassy 1,2024-07-26,75.53521622368329,88.24439197859357
us embassy 1,2024-07-27,89.15766991512525,80.08003753991021
us embassy 1,2024-07-28,90.82929468716104,90.03682672880106
us embassy 1,2024-07-29,52.33746339097417,86.58052247671603
us embassy 1,2024-07-30,74.87042066788621,73.43042399585337
us embassy 1,2024-07-31,98.30193399188516,82.21763111930859
us embassy 1,2024-08-01,93.6463872360872,89.45886436090463
us embassy 1,2024-08-02,93.33799144507005,87.78194624397612
us embassy 1,2024-08-03,66.58868716355907,87.87234127720559
us embassy 1,2024-08-04,68.0994589579802,79.60267494906752
us embassy 1,2024-08-05,77.5854268379751,77.59137792034943
us embassy 1,2024-08-06,74.16058416544006,77.54185497278534
us embassy 1,2024-08-07,76.20399381044996,79.71243667534794
us embassy 1,2024-08-08,52.54313159658518,83.82824642250132
us embassy 1,2024-08-09,68.38073416898848,58.932197884273606
us embassy 1,2024-08-10,76.6299044101652,74.43561438323304
us embassy 1,2024-08-11,72.23078898468272,80.66921396541711
us embassy 1,2024-08-12,73.93882782000445,71.51672272903464
us embassy 1,2024-08-13,78.88935444891344,68.44069519583837
us embassy 1,2024-08-14,89.14212501280069,79.38697017839431
us embassy 1,2024-08-15,90.12242702911615,87.10305031603303
us embassy 1,2024-08-16,89.39176184654383,88.54847785539208
us embassy 1,2024-08-17,90.74759803217349,87.36957072842318
us embassy 1,2024-08-18,82.41926190838025,88.45270522859519
us embassy 1,2024-08-19,80.33976471067031,83.1416222490198
us embassy 1,2024-08-20,86.04641185529978,86.37765541429829
us embassy 1,2024-08-21,94.51480226426486,93.15227340812791
us embassy 1,2024-08-22,91.87455550152532,89.18036702953755
us embassy 1,2024-08-23,74.60524396156792,88.02954374984907
us embassy 1,2024-08-24,85.85915515635604,82.1482874443441
us embassy 1,2024-08-25,97.26170744722045,86.32060219617922
us embassy 1,2024-08-26,73.65258926213453,89.07382149260381
us embassy 1,2024-08-27,96.70442795539276,81.41684709211285
us embassy 1,2024-08-28,96.29424483566326,91.77596093980047
us embassy 1,2024-08-29,85.40798875998631,90.72716311896164
us embassy 1,2024-08-30,103.82763128162831,87.87349313621843
us embassy 1,2024-08-31,75.81576045020807,93.5061463409165
us embassy 1,2024-09-01,71.84051433388866,78.84148570640662
us embassy 1,2024-09-02,69.96559583860049,77.50281446194636
us embassy 1,2024-09-03,74.11677124345876,76.74029277167259
us embassy 1,2024-09-04,80.94613965553243,70.26670156831739
us embassy 1,2024-09-05,64.41880377443364,76.93129957655728
us embassy 1,2024-09-06,73.94205978977267,69.13279851538358
us embassy 1,2024-09-07,69.71865598777043,70.83332212432096
us embassy 1,2024-09-08,67.93977285694702,68.90584146860171
us embassy 1,2024-09-09,62.83203949585046,62.63104293888111
us embassy 1,2024-09-10,65.07860045331739,66.87211025953907
us embassy 1,2024-09-11,63.50693180357164,67.44757068826117
us embassy 1,2024-09-12,71.93135820175654,69.73165856369747
us embassy 1,2024-09-13,77.85609816195145,74.584377424339
us embassy 1,2024-09-14,76.36532404542983,71.13495589649797
us embassy 1,2024-09-15,78.43144363788916,71.99150799725633
us embassy 1,2024-09-16,74.66938642473282,72.86341814961416
us embassy 1,2024-09-17,77.7831595266757,71.4308151363747
us embassy 1,2024-09-18,72.16431890313683,70.95899402977827
us embassy 1,2024-09-19,80.67643223980129,68.00290041047172
us embassy 1,2024-09-20,76.53083464577739,74.50310306535813
us embassy 1,2024-09-21,81.67364346096856,68.4230124524604
us embassy 1,2024-09-22,97.40960343097704,72.12473860470902
us embassy 1,2024-09-23,88.5366604567187,82.58611072652009
us embassy 1,2024-09-24,77.43314108089314,80.10607908108298
us embassy 1,2024-09-25,84.39245897643632,63.83975971816538
us embassy 1,2024-09-26,74.79828354857854,73.29908395161894
us embassy 1,2024-09-27,75.69753479039584,65.68713786784704
us embassy 1,2024-09-28,71.8354338520243,73.87001301464922
us embassy 1,2024-09-29,83.60772930597159,69.45311313630732
us embassy 1,2024-09-30,73.79793427501083,78.07128960427389
us embassy 1,2024-10-01,77.73304812478742,69.96579896156597
us embassy 1,2024-10-02,88.72619119743611,75.64133130170926
us embassy 1,2024-10-03,84.02365733431186,82.86218905293055
us embassy 1,2024-10-04,82.45408386217535,82.06482949701136
us embassy 1,2024-10-05,76.13931980224588,74.90930126520657
us embassy 1,2024-10-06,72.93348912963998,74.08407410658712
us embassy 1,2024-10-07,94.8833728544182,73.79994902307763
us embassy 1,2024-10-08,80.96493694707551,87.7101921672211
us embassy 1,2024-10-09,71.68235907147063,74.68904187362466
us embassy 1,2024-10-10,79.36632493845859,75.69856841311392
us embassy 1,2024-10-11,84.10724584975237,76.50712743848091
us embassy 1,2024-10-12,72.36260661752598,79.26559968455769
us embassy 1,2024-10-13,81.1103069305624,69.94154581211629
us embassy 1,2024-10-14,88.68120557620189,66.99611391496565
us embassy 1,2024-10-15,70.178920451105,79.87990763297545
us embassy 1,2024-10-16,54.55758020855,72.18477100028298
us embassy 1,2024-10-17,78.1083427787221,62.7503908443037
us embassy 1,2024-10-18,64.2915013420547,71.41054707930124
us embassy 1,2024-10-19,83.45332598419465,63.4942921215313
us embassy 1,2024-10-20,80.40449935969038,75.0861739876713
us embassy 1,2024-10-21,59.68042533710069,71.92081040693141
us embassy 1,2024-10-22,85.86576064789642,57.48988327491813
us embassy 1,2024-10-23,82.16992488905736,84.87454830338766
us embassy 1,2024-10-24,70.69141147146858,71.6092284009691
us embassy 1,2024-10-25,71.41998320826673,64.51804231240483
us embassy 1,2024-10-26,74.46767277090383,67.14178438253587
us embassy 1,2024-10-27,67.48748533812945,70.79992153840254
us embassy 1,2024-10-28,75.02099699288361,67.42240767349338
us embassy 1,2024-10-29,76.91687558567571,71.80519038064847
us embassy 1,2024-10-30,82.79298069900302,70.57396268501779
us embassy 1,2024-10-31,81.92099672269472,73.41337945271432
us embassy 1,2024-11-01,84.42652238894239,73.95542427498678
us embassy 1,2024-11-02,88.75902762506904,72.46238625924971
us embassy 1,2024-11-03,71.44650112516757,80.89922172724668
us embassy 1,2024-11-04,67.99398561272528,66.38682265812113
us embassy 1,2024-11-05,59.66222344435523,60.55650052429232
us embassy 1,2024-11-06,62.27258429503251,61.960696369602324
us embassy 1,2024-11-07,69.52788768567727,62.98978281217911
us embassy 1,2024-11-08,86.48317917417315,70.58442863412729
us embassy 1,2024-11-09,95.33494161342468,78.97068233475174
us embassy 1,2024-11-10,82.68394871732917,79.59067121242279
us embassy 1,2024-11-11,72.43933608467638,63.77711978994475
us embassy 1,2024-11-12,52.90406911821987,63.16160298073143
us embassy 1,2024-11-13,79.97270169540364,49.287596376915616
us embassy 1,2024-11-14,91.94250141170828,71.92172501842629
us embassy 1,2024-11-15,106.12459886807046,81.5626901218291
us embassy 1,2024-11-16,85.07295238033595,88.50021694238673
us embassy 1,2024-11-17,113.69455189189608,77.58245116563171
us embassy 1,2024-11-18,88.9693223078013,88.28728099886884
us embassy 1,2024-11-19,60.14872277696004,82.1594167783104
us embassy 1,2024-11-20,57.7678184549496,59.895235095135526
us embassy 1,2024-11-21,68.54355384813114,59.92533149003757
us embassy 1,2024-11-22,58.13697149513186,61.94458651187784
us embassy 1,2024-11-23,51.38231889720473,56.932584284601134
us embassy 1,2024-11-24,53.27101981561153,48.10907667663527
us embassy 1,2024-11-25,45.04427419637042,45.734597175467485
us embassy 1,2024-11-26,56.14394620012694,42.47674448633843
us embassy 1,2024-11-27,54.333230251915786,49.40271155295897
us embassy 1,2024-11-28,51.95907735361098,44.62774814287073
us embassy 1,2024-11-29,46.98499978111273,43.02985240304875
us embassy 1,2024-11-30,34.67687946867621,44.207030094333696
us embassy 1,2024-12-01,42.12500029242474,36.159015454844685
us embassy 1,2024-12-02,29.12695922022424,43.378278630093746
us embassy 1,2024-12-03,19.28480478939688,37.04699274443075
us embassy 1,2024-12-04,24.269766781204407,27.814036807166502
us embassy 1,2024-12-05,26.71264052131873,28.424990013377894
us embassy 1,2024-12-06,41.33638887363726,36.8633843191326
us embassy 1,2024-12-07,70.69837491897955,47.29014518772355
us embassy 1,2024-12-08,77.62320736869196,63.2520195590081
us embassy 1,2024-12-09,56.82887903896114,60.877942127096844
us embassy 1,2024-12-10,55.89876975053051,48.77075860322094
us embassy 1,2024-12-11,28.9056944985455,50.49968535814357
us embassy 1,2024-12-12,42.18857461106119,35.41682416066155
us embassy 1,2024-12-13,39.94270719380975,39.66963319631443
us embassy 1,2024-12-14,47.731386694258674,43.17739715105105
us embassy 1,2024-12-15,34.29265896402561,44.80048255069868
us embassy 1,2024-12-16,32.89286573861789,37.36163860053892
us embassy 1,2024-12-17,37.31942216397221,37.19415568518481
us embassy 1,2024-12-18,41.7267884065289,42.99098896510972
us embassy 1,2024-12-19,20.25392416897517,45.486066807778286
us embassy 1,2024-12-20,41.17394048447169,29.24159800604352
us embassy 1,2024-12-21,50.51507177736861,45.280269292154145
us embassy 1,2024-12-22,51.338688332222354,46.36218714888568
us embassy 1,2024-12-23,46.43179427497893,44.57233368203802
us embassy 1,2024-12-24,62.58275541586383,43.00583295270388
us embassy 1,2024-12-25,53.52793332283337,47.370868472199035
us embassy 1,2024-12-26,56.81626919631192,42.69458401418593
us embassy 1,2024-12-27,55.36107436628117,49.02537323606711
us embassy 1,2024-12-28,67.08131869166552,51.30607967265422
us embassy 1,2024-12-29,62.00448901388391,62.66557986516386
us embassy 1,2024-12-30,53.755122860330935,46.907931073721414
us embassy 1,2024-12-31,36.75491822783714,49.37560343836216
us embassy 1,2025-01-01,57.0373390497688,54.23604669710996
us embassy 2,2024-07-22,76.98592633629964,84.68440291597015
us embassy 2,2024-07-23,84.58684312743941,82.64502566185234
us embassy 2,2024-07-24,94.84445461409356,81.74423829184894
us embassy 2,2024-07-25,77.4568334220562,87.256130050286
us embassy 2,2024-07-26,80.59070321359961,81.3924950304463
us embassy 2,2024-07-27,91.71691752460406,81.80164024391273
us embassy 2,2024-07-28,95.34206171708684,91.10542537288083
us embassy 2,2024-07-29,81.58110994872807,88.52092684676846
us embassy 2,2024-07-30,90.62438966697412,88.08649349748082
us embassy 2,2024-07-31,101.56918720496076,94.35142107496121
us embassy 2,2024-08-01,97.77577041862553,97.07275158261568
us embassy 2,2024-08-02,84.25251061681983,91.5721457080482
us embassy 2,2024-08-03,67.20289421423806,83.2434085245053
us embassy 2,2024-08-04,70.97522473496599,78.9335492505702
us embassy 2,2024-08-05,73.47280321206021,78.5816229145072
us embassy 2,2024-08-06,77.38544930033417,77.33220499884246
us embassy 2,2024-08-07,63.40773583830537,84.92199693076168
us embassy 2,2024-08-08,99.4033791858792,79.67954103150899
us embassy 2,2024-08-09,100.52838414987008,93.49965811217685
us embassy 2,2024-08-10,81.83138288620493,89.28228675902113
us embassy 2,2024-08-11,82.22615286486094,89.37449012194865
us embassy 2,2024-08-12,82.11282147525834,79.83995224889836
us embassy 2,2024-08-13,88.32578799964108,78.25026300613857
us embassy 2,2024-08-14,99.37459935816128,90.44774776169739
us embassy 2,2024-08-15,101.92297382811044,95.15038071397798
us embassy 2,2024-08-16,98.36873152114418,97.15895041122303
us embassy 2,2024-08-17,104.0905376683055,90.48321435658298
us embassy 2,2024-08-18,98.88813299343498,96.59484458066808
us embassy 2,2024-08-19,85.44473749837499,93.13235719499342
us embassy 2,2024-08-20,42.2677848812526,90.7028901348646
us embassy 2,2024-08-21,107.7726243529177,78.7069802719778
us embassy 2,2024-08-22,103.10212522868729,95.15606764535795
us embassy 2,2024-08-23,83.33035396853582,96.28651084314998
us embassy 2,2024-08-24,97.76380031398776,92.7475522368532
us embassy 2,2024-08-25,107.96239629200166,91.57582521809488
us embassy 2,2024-08-26,84.6706815677325,92.35788460497268
us embassy 2,2024-08-27,112.24776685087468,88.51471309730404
us embassy 2,2024-08-28,99.72890211402694,97.23518322592624
us embassy 2,2024-08-29,99.48079132176622,95.61439716165246
us embassy 2,2024-08-30,112.62736679616842,96.6026269697256
us embassy 2,2024-08-31,83.41465104504758,93.49851455089352
us embassy 2,2024-09-01,82.12644063904146,89.33084597369364
us embassy 2,2024-09-02,83.01023222565051,85.56592581747849
us embassy 2,2024-09-03,87.11253146506452,89.16731965212045
us embassy 2,2024-09-04,88.76297608527149,85.37553457426294
us embassy 2,2024-09-05,62.63549794206229,88.13666859418841
us embassy 2,2024-09-06,56.28125649359211,68.77611974953655
us embassy 2,2024-09-07,76.96611024684445,59.24190032811353
us embassy 2,2024-09-08,76.30842209017501,72.31731155398182
us embassy 2,2024-09-09,71.49364525380787,69.12524668157437
us embassy 2,2024-09-10,77.4687863854829,78.14721256207564
us embassy 2,2024-09-11,69.97382758000317,71.49515890590999
us embassy 2,2024-09-12,82.13245303184095,76.34755211220136
us embassy 2,2024-09-13,90.81626498011912,75.28855420724875
us embassy 2,2024-09-14,87.96685983393388,84.86891934723074
us embassy 2,2024-09-15,83.57145837581868,82.97734297312391
us embassy 2,2024-09-16,90.41625211945394,81.45327260307602
us embassy 2,2024-09-17,89.1828141932545,84.0510749989255
us embassy 2,2024-09-18,80.52132387978699,82.99218322737792
us embassy 2,2024-09-19,88.59632565361265,76.22042602885288
us embassy 2,2024-09-20,83.35073353594272,83.57190111388068
us embassy 2,2024-09-21,92.70912842494069,88.68130226698003
us embassy 2,2024-09-22,111.15412648259492,96.14816227110042
us embassy 2,2024-09-23,101.87749627619633,95.7675759533094
us embassy 2,2024-09-24,92.21757991983804,98.28520839373341
us embassy 2,2024-09-25,95.8593545099455,87.40943754462866
us embassy 2,2024-09-26,85.60785826816202,89.4196138847422
us embassy 2,2024-09-27,82.2092497455096,87.61478074992048
us embassy 2,2024-09-28,88.2028762521761,92.92883985928326
us embassy 2,2024-09-29,94.89254337776433,93.90974714071986
us embassy 2,2024-09-30,81.14522432862034,89.97351044917203
us embassy 2,2024-10-01,89.56639217361355,82.60282174840113
us embassy 2,2024-10-02,100.84217786747976,92.9625019523084
us embassy 2,2024-10-03,92.98064820181246,98.14222508787041
us embassy 2,2024-10-04,91.1245454221004,96.27374360981845
us embassy 2,2024-10-05,82.45132214897288,84.27665195321875
us embassy 2,2024-10-06,80.56429314494214,87.04506552367403
us embassy 2,2024-10-07,111.79809283051183,82.01636575390026
us embassy 2,2024-10-08,89.14244518068661,91.10371511610853
us embassy 2,2024-10-09,82.09535164232108,89.94430265796518
us embassy 2,2024-10-10,87.58075582541096,86.13224423206037
us embassy 2,2024-10-11,94.8673634430408,89.57583397189919
us embassy 2,2024-10-12,85.04827541765226,96.35446057065383
us embassy 2,2024-10-13,100.30637520496448,89.8708495837154
us embassy 2,2024-10-14,108.46671655621192,101.72134912097263
us embassy 2,2024-10-15,89.7655622775036,92.62889862298569
us embassy 2,2024-10-16,102.46151620465425,87.24861729019935
us embassy 2,2024-10-17,78.07477224878149,93.49896963806242
us embassy 2,2024-10-18,59.40505802978718,77.03599255134986
us embassy 2,2024-10-19,25.867094474765324,77.47888688090259
us embassy 2,2024-10-20,78.85893321502613,50.59764040677269
us embassy 2,2024-10-21,65.13819116144747,74.24664779944067
us embassy 2,2024-10-22,82.52445475633944,70.0309176433722
us embassy 2,2024-10-23,82.85873166202487,83.52147558411376
us embassy 2,2024-10-24,74.12978667324823,77.43305857823748
us embassy 2,2024-10-25,78.51718628476105,72.74527917057931
us embassy 2,2024-10-26,78.59035900798956,73.36299929755273
us embassy 2,2024-10-27,75.26033926595412,76.93056336035026
us embassy 2,2024-10-28,81.37105602925861,75.51385684393615
us embassy 2,2024-10-29,77.35723178410262,81.12683848294074
us embassy 2,2024-10-30,86.31785589911681,79.46961797341378
us embassy 2,2024-10-31,83.86717320700437,86.35618825928795
us embassy 2,2024-11-01,88.66606793414165,87.09639945289793
us embassy 2,2024-11-02,95.53056930825537,79.82070497407622
us embassy 2,2024-11-03,78.02237991119466,79.28201168710588
us embassy 2,2024-11-04,72.26121779188234,81.74231077566357
us embassy 2,2024-11-05,67.62272198684404,82.78382358996849
us embassy 2,2024-11-06,70.28759686458189,73.53443645554162
us embassy 2,2024-11-07,76.39376426382752,84.45614005455535
us embassy 2,2024-11-08,93.4502978368069,83.34010489170639
us embassy 2,2024-11-09,95.0816639427952,95.4557925118119
us embassy 2,2024-11-10,80.39279326781951,92.23136769822622
us embassy 2,2024-11-11,78.44597112436325,80.89135627471032
us embassy 2,2024-11-12,66.18585315431179,80.75290364648737
us embassy 2,2024-11-13,73.72430476405424,76.89714677943012
us embassy 2,2024-11-14,92.47660643677756,89.17433412559562
us embassy 2,2024-11-15,98.4121303544052,94.59971346066979
us embassy 2,2024-11-16,72.72944948638713,86.87404094877266
us embassy 2,2024-11-17,129.9363013258792,86.56203930192804
us embassy 2,2024-11-18,103.57722785574266,98.56523145034217
us embassy 2,2024-11-19,66.61460291353383,90.73194053249456
us embassy 2,2024-11-20,61.36462902046784,77.36969134755526
us embassy 2,2024-11-21,70.32378205174201,74.15229695020624
us embassy 2,2024-11-22,47.34143316072095,73.87927264148114
us embassy 2,2024-11-23,55.49914393441773,52.78091659072467
us embassy 2,2024-11-24,56.48985031906472,68.3185256553226
us embassy 2,2024-11-25,54.96798078388829,55.17196236246776
us embassy 2,2024-11-26,56.09416495719432,66.1742542511671
us embassy 2,2024-11-27,68.59229497853643,66.83780835216689
us embassy 2,2024-11-28,53.59437207443306,63.18405211074485
us embassy 2,2024-11-29,49.51602708158536,49.97121551841803
us embassy 2,2024-11-30,41.26694784313498,58.87351293191029
us embassy 2,2024-12-01,45.48236309896023,47.37003630035028
us embassy 2,2024-12-02,31.8612852617954,43.200231426448305
us embassy 2,2024-12-03,26.315913000566496,44.17672422937466
us embassy 2,2024-12-04,28.001637755280218,41.37614127099153
us embassy 2,2024-12-05,28.86768664895438,44.41723814680944
us embassy 2,2024-12-06,40.76417291437642,47.93759089156731
us embassy 2,2024-12-07,75.60095866714967,61.27823086979004
us embassy 2,2024-12-08,78.79175308420555,74.52183014013748
us embassy 2,2024-12-09,59.98046922809894,70.9927484424026
us embassy 2,2024-12-10,59.78057407584788,55.82141734034717
us embassy 2,2024-12-11,30.82767849719534,57.88450849683224
us embassy 2,2024-12-12,46.30486430186491,43.001275509328416
us embassy 2,2024-12-13,29.322578671109397,47.64847561685971
us embassy 2,2024-12-14,30.32395833870849,44.6109109218147
us embassy 2,2024-12-15,20.521195905253816,48.474678277958446
us embassy 2,2024-12-16,29.320103314247504,51.26881535449377
us embassy 2,2024-12-17,26.980395422066948,54.22081804609965
us embassy 2,2024-12-18,19.77693308438089,41.04445290944095
us embassy 2,2024-12-19,21.63290137773604,39.594534347320725
us embassy 2,2024-12-20,30.35092280410835,39.88816357603933
us embassy 2,2024-12-21,34.695295211507705,49.64172189864374
us embassy 2,2024-12-22,51.60465346187004,57.82072529612054
us embassy 2,2024-12-23,55.34379285040839,61.6887715768797
us embassy 2,2024-12-24,57.58536408341855,58.3303355484977
us embassy 2,2024-12-25,38.936576175902864,64.32378742083532
us embassy 2,2024-12-26,56.56706432197007,40.96829556210219
us embassy 2,2024-12-27,54.07193278800469,58.94396594601606
us embassy 2,2024-12-28,65.19103837882292,60.070325738535686
us embassy 2,2024-12-29,59.20839327010421,64.81145829922119
us embassy 2,2024-12-30,55.56845723952468,59.290150231233746
us embassy 2,2024-12-31,24.084075154742205,52.07978144511288
us embassy 2,2025-01-01,52.4658105535777,57.218808042033295
